timestamp,sn,device.cloud.coap.retransmit,device.cloud.coap.round_trip,device.cloud.coap.transmit,device.cloud.coap.unack,device.cloud.connection.attempts,device.cloud.connection.disconnect_reason,device.cloud.connection.disconnects,device.cloud.connection.error,device.cloud.connection.interface,device.cloud.connection.status,device.cloud.publish.rate_limited,device.network.alternate_signal.at,device.network.alternate_signal.quality.err,device.network.alternate_signal.qualityv.err,device.network.alternate_signal.strength.err,device.network.alternate_signal.strengthv.err,device.network.cellular.cell_global_identity.cell_id,device.network.cellular.cell_global_identity.location_area_code,device.network.cellular.cell_global_identity.mobile_country_code,device.network.cellular.cell_global_identity.mobile_network_code,device.network.cellular.operator,device.network.cellular.radio_access_technology,device.network.connection.attempts,device.network.connection.disconnect_reason,device.network.connection.disconnects,device.network.connection.error,device.network.connection.status,device.network.signal.at,device.network.signal.quality,device.network.signal.quality_units,device.network.signal.qualityv,device.network.signal.qualityv_type,device.network.signal.qualityv_units,device.network.signal.strength,device.network.signal.strength_units,device.network.signal.strengthv,device.network.signal.strengthv_type,device.network.signal.strengthv_units,device.power.battery.charge,device.power.battery.state,device.power.source,device.system.memory.total,device.system.memory.used,device.system.protected_mode,device.system.uptime,service.cloud.publish.sent,service.cloud.uptime,service.coap.round_trip,service.device.status
2025-12-01T15:08:10Z,MOD-X-00958,0,519,38,0,1,error,1,0,Cellular,connected,0,Wi-Fi,-100,-100,-100,-100,24912898,24832,311,480,Verizon Wireless,LTE,1,unknown,0,0,connected,LTE Cat-M1,41.66,%,-12,RSRQ,dB,83.33,%,-80,RSRP,dBm,100.0,charged,VIN,3039892,221172,Protected,3606,9,2138,154.0,ok
2025-12-01T14:32:33Z,MOD-X-00958,0,1017,25,0,1,error,1,0,Cellular,connected,0,Wi-Fi,-100,-100,-100,-100,24912898,24832,311,480,Verizon Wireless,LTE,1,unknown,0,0,connected,LTE Cat-M1,45.83,%,-11,RSRQ,dB,78.33,%,-83,RSRP,dBm,100.0,charging,VIN,3039892,226260,Protected,1470,1,2,154.0,ok
2025-12-01T09:47:35Z,MOD-X-00958,33,545,976,0,1,error,1,0,Cellular,connected,0,Wi-Fi,-100,-100,-100,-100,24912898,24832,311,480,Verizon Wireless,LTE,1,unknown,0,0,connected,LTE Cat-M1,50.0,%,-10,RSRQ,dB,85.0,%,-79,RSRP,dBm,100.0,charged,VIN,3039892,249748,Protected,244807,871,240943,174.0,ok
2025-12-01T08:47:35Z,MOD-X-00958,33,475,962,0,1,error,1,0,Cellular,connected,0,Wi-Fi,-100,-100,-100,-100,24912898,24832,311,480,Verizon Wireless,LTE,1,unknown,0,0,connected,LTE Cat-M1,62.5,%,-9,RSRQ,dB,85.0,%,-79,RSRP,dBm,100.0,charged,VIN,3039892,247764,Protected,241207,858,237343,174.0,ok
2025-12-01T07:47:35Z,MOD-X-00958,31,535,948,0,1,error,1,0,Cellular,connected,0,Wi-Fi,-100,-100,-100,-100,24912898,24832,311,480,Verizon Wireless,LTE,1,unknown,0,0,connected,LTE Cat-M1,50.0,%,-10,RSRQ,dB,85.0,%,-79,RSRP,dBm,100.0,charged,VIN,3039892,247284,Protected,237607,845,233743,174.0,ok
2025-12-01T06:47:35Z,MOD-X-00958,31,2422,934,0,1,error,1,0,Cellular,connected,0,Wi-Fi,-100,-100,-100,-100,24912898,24832,311,480,Verizon Wireless,LTE,1,unknown,0,0,connected,LTE Cat-M1,50.0,%,-10,RSRQ,dB,85.0,%,-79,RSRP,dBm,100.0,charged,VIN,3039892,247796,Protected,234007,832,230143,174.0,ok
2025-12-01T05:47:35Z,MOD-X-00958,31,486,920,0,1,error,1,0,Cellular,connected,0,Wi-Fi,-100,-100,-100,-100,24912898,24832,311,480,Verizon Wireless,LTE,1,unknown,0,0,connected,LTE Cat-M1,50.0,%,-10,RSRQ,dB,85.0,%,-79,RSRP,dBm,100.0,charged,VIN,3039892,247412,Protected,230407,819,226544,174.0,ok
2025-12-01T04:47:35Z,MOD-X-00958,30,418,906,0,1,error,1,0,Cellular,connected,0,Wi-Fi,-100,-100,-100,-100,24912898,24832,311,480,Verizon Wireless,LTE,1,unknown,0,0,connected,LTE Cat-M1,50.0,%,-10,RSRQ,dB,85.0,%,-79,RSRP,dBm,100.0,charged,VIN,3039892,248212,Protected,226807,806,222943,174.0,ok
2025-12-01T03:47:35Z,MOD-X-00958,30,522,892,0,1,error,1,0,Cellular,connected,0,Wi-Fi,-100,-100,-100,-100,24912898,24832,311,480,Verizon Wireless,LTE,1,unknown,0,0,connected,LTE Cat-M1,50.0,%,-10,RSRQ,dB,85.0,%,-79,RSRP,dBm,100.0,charged,VIN,3039892,246484,Protected,223207,793,219343,174.0,ok
2025-12-01T02:47:35Z,MOD-X-00958,29,486,878,0,1,error,1,0,Cellular,connected,0,Wi-Fi,-100,-100,-100,-100,24912898,24832,311,480,Verizon Wireless,LTE,1,unknown,0,0,connected,LTE Cat-M1,62.5,%,-9,RSRQ,dB,86.66,%,-78,RSRP,dBm,100.0,charged,VIN,3039892,245556,Protected,219607,780,215744,174.0,ok
2025-12-01T01:47:35Z,MOD-X-00958,29,476,864,0,1,error,1,0,Cellular,connected,0,Wi-Fi,-100,-100,-100,-100,24912898,24832,311,480,Verizon Wireless,LTE,1,unknown,0,0,connected,LTE Cat-M1,50.0,%,-10,RSRQ,dB,85.0,%,-79,RSRP,dBm,100.0,charged,VIN,3039892,244980,Protected,216007,767,212143,174.0,ok
2025-12-01T00:47:35Z,MOD-X-00958,29,465,850,0,1,error,1,0,Cellular,connected,0,Wi-Fi,-100,-100,-100,-100,24912898,24832,311,480,Verizon Wireless,LTE,1,unknown,0,0,connected,LTE Cat-M1,62.5,%,-9,RSRQ,dB,86.66,%,-78,RSRP,dBm,100.0,charged,VIN,3039892,244980,Protected,212407,754,208544,174.0,ok
2025-11-30T23:47:35Z,MOD-X-00958,29,522,836,0,1,error,1,0,Cellular,connected,0,Wi-Fi,-100,-100,-100,-100,24912898,24832,311,480,Verizon Wireless,LTE,1,unknown,0,0,connected,LTE Cat-M1,62.5,%,-9,RSRQ,dB,85.0,%,-79,RSRP,dBm,100.0,charged,VIN,3039892,244564,Protected,208807,741,204944,174.0,ok
2025-11-30T22:47:35Z,MOD-X-00958,28,513,822,0,1,error,1,0,Cellular,connected,0,Wi-Fi,-100,-100,-100,-100,24912898,24832,311,480,Verizon Wireless,LTE,1,unknown,0,0,connected,LTE Cat-M1,50.0,%,-10,RSRQ,dB,85.0,%,-79,RSRP,dBm,100.0,charged,VIN,3039892,244372,Protected,205207,728,201343,174.0,ok
2025-11-30T21:47:35Z,MOD-X-00958,28,424,808,0,1,error,1,0,Cellular,connected,0,Wi-Fi,-100,-100,-100,-100,24912898,24832,311,480,Verizon Wireless,LTE,1,unknown,0,0,connected,LTE Cat-M1,62.5,%,-9,RSRQ,dB,85.0,%,-79,RSRP,dBm,100.0,charged,VIN,3039892,244436,Protected,201607,715,197743,174.0,ok
2025-11-30T20:47:35Z,MOD-X-00958,26,518,794,0,1,error,1,0,Cellular,connected,0,Wi-Fi,-100,-100,-100,-100,24912898,24832,311,480,Verizon Wireless,LTE,1,unknown,0,0,connected,LTE Cat-M1,50.0,%,-10,RSRQ,dB,85.0,%,-79,RSRP,dBm,100.0,charged,VIN,3039892,246132,Protected,198007,702,194143,174.0,ok
2025-11-30T19:47:35Z,MOD-X-00958,26,499,780,0,1,error,1,0,Cellular,connected,0,Wi-Fi,-100,-100,-100,-100,24912898,24832,311,480,Verizon Wireless,LTE,1,unknown,0,0,connected,LTE Cat-M1,50.0,%,-10,RSRQ,dB,85.0,%,-79,RSRP,dBm,100.0,charged,VIN,3039892,243828,Protected,194407,689,190544,174.0,ok
2025-11-30T18:47:36Z,MOD-X-00958,26,504,766,0,1,error,1,0,Cellular,connected,0,Wi-Fi,-100,-100,-100,-100,24912898,24832,311,480,Verizon Wireless,LTE,1,unknown,0,0,connected,LTE Cat-M1,50.0,%,-10,RSRQ,dB,85.0,%,-79,RSRP,dBm,100.0,charged,VIN,3039892,243412,Protected,190807,676,186944,174.0,ok
2025-11-30T17:47:35Z,MOD-X-00958,25,551,752,0,1,error,1,0,Cellular,connected,0,Wi-Fi,-100,-100,-100,-100,24912898,24832,311,480,Verizon Wireless,LTE,1,unknown,0,0,connected,LTE Cat-M1,50.0,%,-10,RSRQ,dB,85.0,%,-79,RSRP,dBm,100.0,charged,VIN,3039892,242708,Protected,187207,663,183343,174.0,ok
2025-11-30T16:47:35Z,MOD-X-00958,25,492,738,0,1,error,1,0,Cellular,connected,0,Wi-Fi,-100,-100,-100,-100,24912898,24832,311,480,Verizon Wireless,LTE,1,unknown,0,0,connected,LTE Cat-M1,62.5,%,-9,RSRQ,dB,86.66,%,-78,RSRP,dBm,100.0,charged,VIN,3039892,242420,Protected,183607,650,179743,174.0,ok
2025-11-30T15:47:35Z,MOD-X-00958,24,439,724,0,1,error,1,0,Cellular,connected,0,Wi-Fi,-100,-100,-100,-100,24912898,24832,311,480,Verizon Wireless,LTE,1,unknown,0,0,connected,LTE Cat-M1,50.0,%,-10,RSRQ,dB,85.0,%,-79,RSRP,dBm,100.0,charged,VIN,3039892,241876,Protected,180007,637,176143,174.0,ok
2025-11-30T14:47:35Z,MOD-X-00958,24,449,710,0,1,error,1,0,Cellular,connected,0,Wi-Fi,-100,-100,-100,-100,24912898,24832,311,480,Verizon Wireless,LTE,1,unknown,0,0,connected,LTE Cat-M1,50.0,%,-10,RSRQ,dB,83.33,%,-80,RSRP,dBm,100.0,charged,VIN,3039892,241492,Protected,176407,624,172544,174.0,ok
2025-11-30T13:47:35Z,MOD-X-00958,24,519,696,0,1,error,1,0,Cellular,connected,0,Wi-Fi,-100,-100,-100,-100,24912898,24832,311,480,Verizon Wireless,LTE,1,unknown,0,0,connected,LTE Cat-M1,50.0,%,-10,RSRQ,dB,85.0,%,-79,RSRP,dBm,100.0,charged,VIN,3039892,241396,Protected,172807,611,168944,174.0,ok
2025-11-30T12:47:35Z,MOD-X-00958,24,478,682,0,1,error,1,0,Cellular,connected,0,Wi-Fi,-100,-100,-100,-100,24912898,24832,311,480,Verizon Wireless,LTE,1,unknown,0,0,connected,LTE Cat-M1,62.5,%,-9,RSRQ,dB,83.33,%,-80,RSRP,dBm,100.0,charged,VIN,3039892,241268,Protected,169207,598,165343,174.0,ok
2025-11-30T11:47:35Z,MOD-X-00958,24,559,668,0,1,error,1,0,Cellular,connected,0,Wi-Fi,-100,-100,-100,-100,24912898,24832,311,480,Verizon Wireless,LTE,1,unknown,0,0,connected,LTE Cat-M1,62.5,%,-9,RSRQ,dB,86.66,%,-78,RSRP,dBm,100.0,charged,VIN,3039892,241108,Protected,165607,585,161743,174.0,ok
2025-11-30T10:47:36Z,MOD-X-00958,24,439,654,0,1,error,1,0,Cellular,connected,0,Wi-Fi,-100,-100,-100,-100,24912898,24832,311,480,Verizon Wireless,LTE,1,unknown,0,0,connected,LTE Cat-M1,50.0,%,-10,RSRQ,dB,83.33,%,-80,RSRP,dBm,100.0,charged,VIN,3039892,241396,Protected,162007,572,158144,174.0,ok
2025-11-30T09:47:35Z,MOD-X-00958,22,464,640,0,1,error,1,0,Cellular,connected,0,Wi-Fi,-100,-100,-100,-100,24912898,24832,311,480,Verizon Wireless,LTE,1,unknown,0,0,connected,LTE Cat-M1,62.5,%,-9,RSRQ,dB,85.0,%,-79,RSRP,dBm,100.0,charged,VIN,3039892,241172,Protected,158407,559,154543,174.0,ok
2025-11-30T08:47:35Z,MOD-X-00958,22,513,626,0,1,error,1,0,Cellular,connected,0,Wi-Fi,-100,-100,-100,-100,24912898,24832,311,480,Verizon Wireless,LTE,1,unknown,0,0,connected,LTE Cat-M1,50.0,%,-10,RSRQ,dB,85.0,%,-79,RSRP,dBm,100.0,charged,VIN,3039892,240788,Protected,154807,546,150944,174.0,ok
2025-11-30T07:47:35Z,MOD-X-00958,22,464,612,0,1,error,1,0,Cellular,connected,0,Wi-Fi,-100,-100,-100,-100,24912898,24832,311,480,Verizon Wireless,LTE,1,unknown,0,0,connected,LTE Cat-M1,50.0,%,-10,RSRQ,dB,83.33,%,-80,RSRP,dBm,100.0,charged,VIN,3039892,240084,Protected,151207,533,147344,174.0,ok
2025-11-30T06:47:35Z,MOD-X-00958,22,497,598,0,1,error,1,0,Cellular,connected,0,Wi-Fi,-100,-100,-100,-100,24912898,24832,311,480,Verizon Wireless,LTE,1,unknown,0,0,connected,LTE Cat-M1,62.5,%,-9,RSRQ,dB,85.0,%,-79,RSRP,dBm,100.0,charged,VIN,3039892,239988,Protected,147607,520,143744,174.0,ok
2025-11-30T05:47:35Z,MOD-X-00958,22,518,584,0,1,error,1,0,Cellular,connected,0,Wi-Fi,-100,-100,-100,-100,24912898,24832,311,480,Verizon Wireless,LTE,1,unknown,0,0,connected,LTE Cat-M1,62.5,%,-9,RSRQ,dB,86.66,%,-78,RSRP,dBm,100.0,charged,VIN,3039892,240340,Protected,144007,507,140144,174.0,ok
2025-11-30T04:47:35Z,MOD-X-00958,20,509,570,0,1,error,1,0,Cellular,connected,0,Wi-Fi,-100,-100,-100,-100,24912898,24832,311,480,Verizon Wireless,LTE,1,unknown,0,0,connected,LTE Cat-M1,62.5,%,-9,RSRQ,dB,85.0,%,-79,RSRP,dBm,100.0,charged,VIN,3039892,239220,Protected,140407,494,136544,174.0,ok
2025-11-30T03:47:35Z,MOD-X-00958,20,475,556,0,1,error,1,0,Cellular,connected,0,Wi-Fi,-100,-100,-100,-100,24912898,24832,311,480,Verizon Wireless,LTE,1,unknown,0,0,connected,LTE Cat-M1,62.5,%,-9,RSRQ,dB,86.66,%,-78,RSRP,dBm,100.0,charged,VIN,3039892,238548,Protected,136807,481,132944,174.0,ok
2025-11-30T02:47:35Z,MOD-X-00958,20,496,542,0,1,error,1,0,Cellular,connected,0,Wi-Fi,-100,-100,-100,-100,24912898,24832,311,480,Verizon Wireless,LTE,1,unknown,0,0,connected,LTE Cat-M1,62.5,%,-9,RSRQ,dB,85.0,%,-79,RSRP,dBm,100.0,charged,VIN,3039892,236852,Protected,133207,468,129344,174.0,ok
2025-11-30T01:47:35Z,MOD-X-00958,20,472,528,0,1,error,1,0,Cellular,connected,0,Wi-Fi,-100,-100,-100,-100,24912898,24832,311,480,Verizon Wireless,LTE,1,unknown,0,0,connected,LTE Cat-M1,62.5,%,-9,RSRQ,dB,85.0,%,-79,RSRP,dBm,100.0,charged,VIN,3039892,237684,Protected,129607,455,125744,174.0,ok
2025-11-30T00:47:35Z,MOD-X-00958,20,467,514,0,1,error,1,0,Cellular,connected,0,Wi-Fi,-100,-100,-100,-100,24912898,24832,311,480,Verizon Wireless,LTE,1,unknown,0,0,connected,LTE Cat-M1,50.0,%,-10,RSRQ,dB,85.0,%,-79,RSRP,dBm,100.0,charged,VIN,3039892,237012,Protected,126007,442,122144,174.0,ok
2025-11-29T23:47:35Z,MOD-X-00958,20,461,501,0,1,error,1,0,Cellular,connected,0,Wi-Fi,-100,-100,-100,-100,24912898,24832,311,480,Verizon Wireless,LTE,1,unknown,0,0,connected,LTE Cat-M1,62.5,%,-9,RSRQ,dB,85.0,%,-79,RSRP,dBm,100.0,charged,VIN,3039892,239412,Protected,122407,430,118543,174.0,ok
2025-11-29T22:47:35Z,MOD-X-00958,17,514,487,0,1,error,1,0,Cellular,connected,0,Wi-Fi,-100,-100,-100,-100,24912898,24832,311,480,Verizon Wireless,LTE,1,unknown,0,0,connected,LTE Cat-M1,62.5,%,-9,RSRQ,dB,83.33,%,-80,RSRP,dBm,100.0,charged,VIN,3039892,238804,Protected,118807,417,114943,174.0,ok
2025-11-29T21:47:35Z,MOD-X-00958,17,526,473,0,1,error,1,0,Cellular,connected,0,Wi-Fi,-100,-100,-100,-100,24912898,24832,311,480,Verizon Wireless,LTE,1,unknown,0,0,connected,LTE Cat-M1,50.0,%,-10,RSRQ,dB,83.33,%,-80,RSRP,dBm,100.0,charged,VIN,3039892,237204,Protected,115207,404,111343,174.0,ok
2025-11-29T20:47:35Z,MOD-X-00958,17,521,459,0,1,error,1,0,Cellular,connected,0,Wi-Fi,-100,-100,-100,-100,24912898,24832,311,480,Verizon Wireless,LTE,1,unknown,0,0,connected,LTE Cat-M1,62.5,%,-9,RSRQ,dB,83.33,%,-80,RSRP,dBm,100.0,charged,VIN,3039892,235156,Protected,111607,391,107743,174.0,ok
2025-11-29T19:47:35Z,MOD-X-00958,17,532,445,0,1,error,1,0,Cellular,connected,0,Wi-Fi,-100,-100,-100,-100,24912898,24832,311,480,Verizon Wireless,LTE,1,unknown,0,0,connected,LTE Cat-M1,62.5,%,-9,RSRQ,dB,83.33,%,-80,RSRP,dBm,100.0,charged,VIN,3039892,234996,Protected,108007,378,104143,174.0,ok
2025-11-29T18:47:35Z,MOD-X-00958,17,493,431,0,1,error,1,0,Cellular,connected,0,Wi-Fi,-100,-100,-100,-100,24912898,24832,311,480,Verizon Wireless,LTE,1,unknown,0,0,connected,LTE Cat-M1,62.5,%,-9,RSRQ,dB,83.33,%,-80,RSRP,dBm,100.0,charged,VIN,3039892,234740,Protected,104407,365,100543,174.0,ok
2025-11-29T17:47:35Z,MOD-X-00958,15,516,417,0,1,error,1,0,Cellular,connected,0,Wi-Fi,-100,-100,-100,-100,24912898,24832,311,480,Verizon Wireless,LTE,1,unknown,0,0,connected,LTE Cat-M1,62.5,%,-9,RSRQ,dB,85.0,%,-79,RSRP,dBm,100.0,charged,VIN,3039892,233748,Protected,100807,352,96944,174.0,ok
2025-11-29T16:47:35Z,MOD-X-00958,15,472,403,0,1,error,1,0,Cellular,connected,0,Wi-Fi,-100,-100,-100,-100,24912898,24832,311,480,Verizon Wireless,LTE,1,unknown,0,0,connected,LTE Cat-M1,62.5,%,-9,RSRQ,dB,83.33,%,-80,RSRP,dBm,100.0,charged,VIN,3039892,233524,Protected,97207,339,93343,174.0,ok
2025-11-29T15:47:35Z,MOD-X-00958,15,423,388,0,1,error,1,0,Cellular,connected,0,Wi-Fi,-100,-100,-100,-100,24912898,24832,311,480,Verizon Wireless,LTE,1,unknown,0,0,connected,LTE Cat-M1,50.0,%,-10,RSRQ,dB,83.33,%,-80,RSRP,dBm,100.0,charged,VIN,3039892,233204,Protected,93607,325,89743,174.0,ok
2025-11-29T14:47:35Z,MOD-X-00958,15,439,374,0,1,error,1,0,Cellular,connected,0,Wi-Fi,-100,-100,-100,-100,24912898,24832,311,480,Verizon Wireless,LTE,1,unknown,0,0,connected,LTE Cat-M1,50.0,%,-10,RSRQ,dB,83.33,%,-80,RSRP,dBm,100.0,charged,VIN,3039892,232212,Protected,90007,312,86143,174.0,ok
2025-11-29T13:47:35Z,MOD-X-00958,15,522,360,0,1,error,1,0,Cellular,connected,0,Wi-Fi,-100,-100,-100,-100,24912898,24832,311,480,Verizon Wireless,LTE,1,unknown,0,0,connected,LTE Cat-M1,45.83,%,-11,RSRQ,dB,83.33,%,-80,RSRP,dBm,100.0,charged,VIN,3039892,233268,Protected,86407,299,82543,174.0,ok
2025-11-29T12:47:35Z,MOD-X-00958,15,542,346,0,1,error,1,0,Cellular,connected,0,Wi-Fi,-100,-100,-100,-100,24912898,24832,311,480,Verizon Wireless,LTE,1,unknown,0,0,connected,LTE Cat-M1,50.0,%,-10,RSRQ,dB,85.0,%,-79,RSRP,dBm,100.0,charged,VIN,3039892,230548,Protected,82807,286,78943,174.0,ok
2025-11-29T11:47:35Z,MOD-X-00958,14,519,332,0,1,error,1,0,Cellular,connected,0,Wi-Fi,-100,-100,-100,-100,24912898,24832,311,480,Verizon Wireless,LTE,1,unknown,0,0,connected,LTE Cat-M1,62.5,%,-9,RSRQ,dB,85.0,%,-79,RSRP,dBm,100.0,charged,VIN,3039892,230260,Protected,79207,273,75343,174.0,ok
2025-11-29T10:47:35Z,MOD-X-00958,14,519,318,0,1,error,1,0,Cellular,connected,0,Wi-Fi,-100,-100,-100,-100,24912898,24832,311,480,Verizon Wireless,LTE,1,unknown,0,0,connected,LTE Cat-M1,45.83,%,-11,RSRQ,dB,83.33,%,-80,RSRP,dBm,100.0,charged,VIN,3039892,230388,Protected,75607,260,71743,174.0,ok
2025-11-29T09:47:35Z,MOD-X-00958,14,483,304,0,1,error,1,0,Cellular,connected,0,Wi-Fi,-100,-100,-100,-100,24912898,24832,311,480,Verizon Wireless,LTE,1,unknown,0,0,connected,LTE Cat-M1,62.5,%,-9,RSRQ,dB,85.0,%,-79,RSRP,dBm,100.0,charged,VIN,3039892,230100,Protected,72007,247,68143,174.0,ok
2025-11-29T08:47:35Z,MOD-X-00958,14,609,290,0,1,error,1,0,Cellular,connected,0,Wi-Fi,-100,-100,-100,-100,24912898,24832,311,480,Verizon Wireless,LTE,1,unknown,0,0,connected,LTE Cat-M1,45.83,%,-11,RSRQ,dB,76.66,%,-84,RSRP,dBm,100.0,charged,VIN,3039892,229652,Protected,68407,234,64543,174.0,ok
2025-11-29T07:47:35Z,MOD-X-00958,14,512,276,0,1,error,1,0,Cellular,connected,0,Wi-Fi,-100,-100,-100,-100,24912898,24832,311,480,Verizon Wireless,LTE,1,unknown,0,0,connected,LTE Cat-M1,45.83,%,-11,RSRQ,dB,83.33,%,-80,RSRP,dBm,100.0,charged,VIN,3039892,229428,Protected,64807,221,60943,174.0,ok
2025-11-29T06:47:35Z,MOD-X-00958,14,469,262,0,1,error,1,0,Cellular,connected,0,Wi-Fi,-100,-100,-100,-100,24912898,24832,311,480,Verizon Wireless,LTE,1,unknown,0,0,connected,LTE Cat-M1,45.83,%,-11,RSRQ,dB,80.0,%,-82,RSRP,dBm,100.0,charging,VIN,3039892,229012,Protected,61207,208,57343,174.0,ok
2025-11-29T05:47:35Z,MOD-X-00958,11,515,248,0,1,error,1,0,Cellular,connected,0,Wi-Fi,-100,-100,-100,-100,24912898,24832,311,480,Verizon Wireless,LTE,1,unknown,0,0,connected,LTE Cat-M1,45.83,%,-11,RSRQ,dB,81.66,%,-81,RSRP,dBm,100.0,charged,VIN,3039892,228756,Protected,57607,195,53743,174.0,ok
2025-11-29T04:47:35Z,MOD-X-00958,11,518,234,0,1,error,1,0,Cellular,connected,0,Wi-Fi,-100,-100,-100,-100,24912898,24832,311,480,Verizon Wireless,LTE,1,unknown,0,0,connected,LTE Cat-M1,62.5,%,-9,RSRQ,dB,85.0,%,-79,RSRP,dBm,100.0,charged,VIN,3039892,228308,Protected,54007,182,50143,174.0,ok
2025-11-29T03:47:35Z,MOD-X-00958,11,477,220,0,1,error,1,0,Cellular,connected,0,Wi-Fi,-100,-100,-100,-100,24912898,24832,311,480,Verizon Wireless,LTE,1,unknown,0,0,connected,LTE Cat-M1,50.0,%,-10,RSRQ,dB,83.33,%,-80,RSRP,dBm,100.0,charged,VIN,3039892,227316,Protected,50407,169,46543,174.0,ok
2025-11-29T02:47:35Z,MOD-X-00958,11,541,206,0,1,error,1,0,Cellular,connected,0,Wi-Fi,-100,-100,-100,-100,24912898,24832,311,480,Verizon Wireless,LTE,1,unknown,0,0,connected,LTE Cat-M1,37.5,%,-13,RSRQ,dB,78.33,%,-83,RSRP,dBm,100.0,charged,VIN,3039892,227156,Protected,46807,156,42943,174.0,ok
2025-11-29T01:47:35Z,MOD-X-00958,11,510,192,0,1,error,1,0,Cellular,connected,0,Wi-Fi,-100,-100,-100,-100,24912898,24832,311,480,Verizon Wireless,LTE,1,unknown,0,0,connected,LTE Cat-M1,50.0,%,-10,RSRQ,dB,81.66,%,-81,RSRP,dBm,100.0,charged,VIN,3039892,226548,Protected,43207,143,39343,174.0,ok
2025-11-29T00:47:35Z,MOD-X-00958,11,547,178,0,1,error,1,0,Cellular,connected,0,Wi-Fi,-100,-100,-100,-100,24912898,24832,311,480,Verizon Wireless,LTE,1,unknown,0,0,connected,LTE Cat-M1,37.5,%,-13,RSRQ,dB,76.66,%,-84,RSRP,dBm,100.0,charged,VIN,3039892,225716,Protected,39607,130,35743,174.0,ok
2025-11-28T23:47:35Z,MOD-X-00958,9,500,164,0,1,error,1,0,Cellular,connected,0,Wi-Fi,-100,-100,-100,-100,24912898,24832,311,480,Verizon Wireless,LTE,1,unknown,0,0,connected,LTE Cat-M1,45.83,%,-11,RSRQ,dB,78.33,%,-83,RSRP,dBm,100.0,charged,VIN,3039892,225716,Protected,36007,117,32143,174.0,ok
2025-11-28T22:47:35Z,MOD-X-00958,9,503,150,0,1,error,1,0,Cellular,connected,0,Wi-Fi,-100,-100,-100,-100,24912898,24832,311,480,Verizon Wireless,LTE,1,unknown,0,0,connected,LTE Cat-M1,50.0,%,-10,RSRQ,dB,83.33,%,-80,RSRP,dBm,100.0,charged,VIN,3039892,225108,Protected,32407,104,28543,174.0,ok
2025-11-28T21:47:35Z,MOD-X-00958,9,480,136,0,1,error,1,0,Cellular,connected,0,Wi-Fi,-100,-100,-100,-100,24912898,24832,311,480,Verizon Wireless,LTE,1,unknown,0,0,connected,LTE Cat-M1,41.66,%,-12,RSRQ,dB,78.33,%,-83,RSRP,dBm,100.0,charged,VIN,3039892,224532,Protected,28807,91,24943,174.0,ok
2025-11-28T20:47:35Z,MOD-X-00958,9,477,122,0,1,error,1,0,Cellular,connected,0,Wi-Fi,-100,-100,-100,-100,24912898,24832,311,480,Verizon Wireless,LTE,1,unknown,0,0,connected,LTE Cat-M1,45.83,%,-11,RSRQ,dB,80.0,%,-82,RSRP,dBm,100.0,charged,VIN,3039892,224244,Protected,25207,78,21343,174.0,ok
2025-11-28T19:47:41Z,MOD-X-00958,8,516,108,0,1,error,1,0,Cellular,connected,0,Wi-Fi,-100,-100,-100,-100,24912898,24832,311,480,Verizon Wireless,LTE,1,unknown,0,0,connected,LTE Cat-M1,37.5,%,-13,RSRQ,dB,75.0,%,-85,RSRP,dBm,100.0,charged,VIN,3039892,224052,Protected,21607,65,17749,174.0,ok
2025-11-28T18:47:41Z,MOD-X-00958,7,534,94,0,1,error,1,0,Cellular,connected,0,Wi-Fi,-100,-100,-100,-100,24912898,24832,311,480,Verizon Wireless,LTE,1,unknown,0,0,connected,LTE Cat-M1,37.5,%,-13,RSRQ,dB,76.66,%,-84,RSRP,dBm,100.0,charged,VIN,3039892,224084,Protected,18006,52,14150,174.0,ok
2025-11-28T17:47:35Z,MOD-X-00958,3,461,80,0,1,error,1,0,Cellular,connected,0,Wi-Fi,-100,-100,-100,-100,24912898,24832,311,480,Verizon Wireless,LTE,1,unknown,0,0,connected,LTE Cat-M1,45.83,%,-11,RSRQ,dB,80.0,%,-82,RSRP,dBm,100.0,charged,VIN,3039892,221940,Protected,14406,39,10543,174.0,ok
2025-11-28T16:47:35Z,MOD-X-00958,3,494,66,0,1,error,1,0,Cellular,connected,0,Wi-Fi,-100,-100,-100,-100,24912898,24832,311,480,Verizon Wireless,LTE,1,unknown,0,0,connected,LTE Cat-M1,41.66,%,-12,RSRQ,dB,76.66,%,-84,RSRP,dBm,100.0,charged,VIN,3039892,221940,Protected,10806,26,6944,174.0,ok
2025-11-28T15:47:51Z,MOD-X-00958,1,452,52,0,1,error,1,0,Cellular,connected,0,Wi-Fi,-100,-100,-100,-100,24912898,24832,311,480,Verizon Wireless,LTE,1,unknown,0,0,connected,LTE Cat-M1,41.66,%,-12,RSRQ,dB,75.0,%,-85,RSRP,dBm,100.0,charged,VIN,3039892,221876,Protected,7206,13,3359,174.0,ok
2025-11-28T14:51:53Z,MOD-X-00958,0,1068,35,0,1,error,1,0,Cellular,connected,0,Wi-Fi,-100,-100,-100,-100,24912898,24832,311,480,Verizon Wireless,LTE,1,unknown,0,0,connected,LTE Cat-M1,37.5,%,-13,RSRQ,dB,76.66,%,-84,RSRP,dBm,100.0,charging,VIN,3039892,225268,Protected,3865,1,2,174.0,ok
2025-11-28T14:47:35Z,MOD-X-00958,0,454,23,0,1,none,0,0,Cellular,connected,0,Wi-Fi,-100,-100,-100,-100,24912898,24832,311,480,Verizon Wireless,LTE,1,unknown,0,0,connected,LTE Cat-M1,41.66,%,-12,RSRQ,dB,78.33,%,-83,RSRP,dBm,100.0,charging,VIN,3039892,218964,Protected,3606,14,3590,,ok
2025-11-27T01:07:03Z,MOD-X-00958,6,450,146,0,1,none,0,0,Cellular,connected,0,Wi-Fi,-100,-100,-100,-100,24912898,24832,311,480,Verizon Wireless,LTE,1,unknown,0,0,connected,LTE Cat-M1,50.0,%,-10,RSRQ,dB,81.66,%,-81,RSRP,dBm,100.0,charged,VIN,3039892,224308,Protected,32407,129,32390,,ok
2025-11-27T00:07:03Z,MOD-X-00958,6,514,132,0,1,none,0,0,Cellular,connected,0,Wi-Fi,-100,-100,-100,-100,24912898,24832,311,480,Verizon Wireless,LTE,1,unknown,0,0,connected,LTE Cat-M1,50.0,%,-10,RSRQ,dB,81.66,%,-81,RSRP,dBm,100.0,charged,VIN,3039892,223412,Protected,28807,116,28790,,ok
2025-11-26T23:07:03Z,MOD-X-00958,6,485,118,0,1,none,0,0,Cellular,connected,0,Wi-Fi,-100,-100,-100,-100,24912898,24832,311,480,Verizon Wireless,LTE,1,unknown,0,0,connected,LTE Cat-M1,33.33,%,-14,RSRQ,dB,72.5,%,-86,RSRP,dBm,100.0,charged,VIN,3039892,222900,Protected,25207,103,25190,,ok
2025-11-26T22:07:03Z,MOD-X-00958,6,855,104,0,1,none,0,0,Cellular,connected,0,Wi-Fi,-100,-100,-100,-100,24912898,24832,311,480,Verizon Wireless,LTE,1,unknown,0,0,connected,LTE Cat-M1,33.33,%,-14,RSRQ,dB,70.0,%,-87,RSRP,dBm,100.0,charged,VIN,3039892,221524,Protected,21607,90,21590,,ok
2025-11-26T21:07:19Z,MOD-X-00958,4,715,87,0,1,none,0,0,Cellular,connected,0,Wi-Fi,-100,-100,-100,-100,24912898,24832,311,480,Verizon Wireless,LTE,1,unknown,0,0,connected,LTE Cat-M1,62.5,%,-9,RSRQ,dB,83.33,%,-80,RSRP,dBm,100.0,charged,VIN,3039892,221300,Protected,18007,74,18006,,ok
2025-11-26T20:07:03Z,MOD-X-00958,3,455,70,0,1,none,0,0,Cellular,connected,0,Wi-Fi,-100,-100,-100,-100,24912898,24832,311,480,Verizon Wireless,LTE,1,unknown,0,0,connected,LTE Cat-M1,37.5,%,-13,RSRQ,dB,78.33,%,-83,RSRP,dBm,100.0,charged,VIN,3039892,221300,Protected,14407,58,14390,,ok
2025-11-26T19:07:03Z,MOD-X-00958,3,507,53,0,1,none,0,0,Cellular,connected,0,Wi-Fi,-100,-100,-100,-100,24912898,24832,311,480,Verizon Wireless,LTE,1,unknown,0,0,connected,LTE Cat-M1,37.5,%,-13,RSRQ,dB,76.66,%,-84,RSRP,dBm,100.0,charged,VIN,3039892,220628,Protected,10807,42,10790,,ok
2025-11-26T18:07:03Z,MOD-X-00958,3,443,38,0,1,none,0,0,Cellular,connected,0,Wi-Fi,-100,-100,-100,-100,24912898,24832,311,480,Verizon Wireless,LTE,1,unknown,0,0,connected,LTE Cat-M1,41.66,%,-12,RSRQ,dB,78.33,%,-83,RSRP,dBm,100.0,charged,VIN,3039892,220628,Protected,7207,28,7190,,ok
2025-11-26T17:07:03Z,MOD-X-00958,0,503,24,0,1,none,0,0,Cellular,connected,0,Wi-Fi,-100,-100,-100,-100,24912898,24832,311,480,Verizon Wireless,LTE,1,unknown,0,0,connected,LTE Cat-M1,33.33,%,-14,RSRQ,dB,75.0,%,-85,RSRP,dBm,100.0,charged,VIN,3039892,218996,Protected,3606,15,3590,,ok
2025-11-26T12:07:10Z,MOD-X-00958,47,494,720,1,1,error,2,0,Cellular,connected,0,Wi-Fi,-100,-100,-100,-100,24912898,24832,311,480,Verizon Wireless,LTE,1,unknown,0,0,connected,LTE Cat-M1,45.83,%,-11,RSRQ,dB,80.0,%,-82,RSRP,dBm,100.0,charged,VIN,3039892,238516,Protected,165607,299,75044,,ok
2025-11-26T11:07:10Z,MOD-X-00958,47,420,703,1,1,error,2,0,Cellular,connected,0,Wi-Fi,-100,-100,-100,-100,24912898,24832,311,480,Verizon Wireless,LTE,1,unknown,0,0,connected,LTE Cat-M1,45.83,%,-11,RSRQ,dB,80.0,%,-82,RSRP,dBm,100.0,charged,VIN,3039892,238324,Protected,162007,283,71444,,ok
2025-11-26T10:07:10Z,MOD-X-00958,47,416,686,1,1,error,2,0,Cellular,connected,0,Wi-Fi,-100,-100,-100,-100,24912898,24832,311,480,Verizon Wireless,LTE,1,unknown,0,0,connected,LTE Cat-M1,50.0,%,-10,RSRQ,dB,80.0,%,-82,RSRP,dBm,100.0,charged,VIN,3039892,237876,Protected,158407,267,67844,,ok
2025-11-26T09:07:10Z,MOD-X-00958,43,461,669,1,1,error,2,0,Cellular,connected,0,Wi-Fi,-100,-100,-100,-100,24912898,24832,311,480,Verizon Wireless,LTE,1,unknown,0,0,connected,LTE Cat-M1,45.83,%,-11,RSRQ,dB,80.0,%,-82,RSRP,dBm,100.0,charged,VIN,3039892,237492,Protected,154807,251,64244,,ok
2025-11-26T08:07:10Z,MOD-X-00958,43,445,652,1,1,error,2,0,Cellular,connected,0,Wi-Fi,-100,-100,-100,-100,24912898,24832,311,480,Verizon Wireless,LTE,1,unknown,0,0,connected,LTE Cat-M1,50.0,%,-10,RSRQ,dB,81.66,%,-81,RSRP,dBm,100.0,charged,VIN,3039892,237044,Protected,151207,235,60644,,ok
2025-11-26T07:07:10Z,MOD-X-00958,43,520,635,1,1,error,2,0,Cellular,connected,0,Wi-Fi,-100,-100,-100,-100,24912898,24832,311,480,Verizon Wireless,LTE,1,unknown,0,0,connected,LTE Cat-M1,45.83,%,-11,RSRQ,dB,80.0,%,-82,RSRP,dBm,100.0,charged,VIN,3039892,236340,Protected,147607,219,57044,,ok
2025-11-26T06:07:10Z,MOD-X-00958,43,634,619,1,1,error,2,0,Cellular,connected,0,Wi-Fi,-100,-100,-100,-100,24912898,24832,311,480,Verizon Wireless,LTE,1,unknown,0,0,connected,LTE Cat-M1,45.83,%,-11,RSRQ,dB,78.33,%,-83,RSRP,dBm,100.0,charged,VIN,3039892,235892,Protected,144007,204,53444,,ok
2025-11-26T05:07:10Z,MOD-X-00958,43,454,602,1,1,error,2,0,Cellular,connected,0,Wi-Fi,-100,-100,-100,-100,24912898,24832,311,480,Verizon Wireless,LTE,1,unknown,0,0,connected,LTE Cat-M1,45.83,%,-11,RSRQ,dB,80.0,%,-82,RSRP,dBm,100.0,charged,VIN,3039892,235860,Protected,140407,188,49844,,ok
2025-11-26T04:07:11Z,MOD-X-00958,42,5356,585,1,1,error,2,0,Cellular,connected,0,Wi-Fi,-100,-100,-100,-100,24912898,24832,311,480,Verizon Wireless,LTE,1,unknown,0,0,connected,LTE Cat-M1,45.83,%,-11,RSRQ,dB,78.33,%,-83,RSRP,dBm,100.0,charged,VIN,3039892,235956,Protected,136807,172,46244,,ok
2025-11-26T03:07:15Z,MOD-X-00958,40,464,571,1,1,error,2,0,Cellular,connected,0,Wi-Fi,-100,-100,-100,-100,24912898,24832,311,480,Verizon Wireless,LTE,1,unknown,0,0,connected,LTE Cat-M1,45.83,%,-11,RSRQ,dB,80.0,%,-82,RSRP,dBm,100.0,charged,VIN,3039892,234804,Protected,133207,160,42649,,ok
2025-11-26T02:07:16Z,MOD-X-00958,39,408,557,1,1,error,2,0,Cellular,connected,0,Wi-Fi,-100,-100,-100,-100,24912898,24832,311,480,Verizon Wireless,LTE,1,unknown,0,0,connected,LTE Cat-M1,45.83,%,-11,RSRQ,dB,80.0,%,-82,RSRP,dBm,100.0,charged,VIN,3039892,234708,Protected,129607,147,39049,,ok
2025-11-26T01:07:16Z,MOD-X-00958,38,428,543,1,1,error,2,0,Cellular,connected,0,Wi-Fi,-100,-100,-100,-100,24912898,24832,311,480,Verizon Wireless,LTE,1,unknown,0,0,connected,LTE Cat-M1,45.83,%,-11,RSRQ,dB,80.0,%,-82,RSRP,dBm,100.0,charged,VIN,3039892,235060,Protected,126007,134,35449,,ok
2025-11-26T00:07:10Z,MOD-X-00958,38,446,529,1,1,error,2,0,Cellular,connected,0,Wi-Fi,-100,-100,-100,-100,24912898,24832,311,480,Verizon Wireless,LTE,1,unknown,0,0,connected,LTE Cat-M1,45.83,%,-11,RSRQ,dB,80.0,%,-82,RSRP,dBm,100.0,charged,VIN,3039892,235060,Protected,122407,120,31844,,ok
2025-11-25T23:07:10Z,MOD-X-00958,38,526,515,1,1,error,2,0,Cellular,connected,0,Wi-Fi,-100,-100,-100,-100,24912898,24832,311,480,Verizon Wireless,LTE,1,unknown,0,0,connected,LTE Cat-M1,45.83,%,-11,RSRQ,dB,80.0,%,-82,RSRP,dBm,100.0,charged,VIN,3039892,234388,Protected,118807,107,28244,,ok
2025-11-25T22:07:10Z,MOD-X-00958,35,454,501,1,1,error,2,0,Cellular,connected,0,Wi-Fi,-100,-100,-100,-100,24912898,24832,311,480,Verizon Wireless,LTE,1,unknown,0,0,connected,LTE Cat-M1,41.66,%,-12,RSRQ,dB,78.33,%,-83,RSRP,dBm,100.0,charged,VIN,3039892,229684,Protected,115207,94,24644,,ok
2025-11-25T21:07:10Z,MOD-X-00958,35,490,487,1,1,error,2,0,Cellular,connected,0,Wi-Fi,-100,-100,-100,-100,24912898,24832,311,480,Verizon Wireless,LTE,1,unknown,0,0,connected,LTE Cat-M1,45.83,%,-11,RSRQ,dB,80.0,%,-82,RSRP,dBm,100.0,charged,VIN,3039892,236084,Protected,111607,81,21043,,ok
2025-11-25T20:07:10Z,MOD-X-00958,35,547,473,1,1,error,2,0,Cellular,connected,0,Wi-Fi,-100,-100,-100,-100,24912898,24832,311,480,Verizon Wireless,LTE,1,unknown,0,0,connected,LTE Cat-M1,45.83,%,-11,RSRQ,dB,80.0,%,-82,RSRP,dBm,100.0,charged,VIN,3039892,235956,Protected,108007,68,17443,,ok
2025-11-25T19:07:10Z,MOD-X-00958,35,506,458,1,1,error,2,0,Cellular,connected,0,Wi-Fi,-100,-100,-100,-100,24912898,24832,311,480,Verizon Wireless,LTE,1,unknown,0,0,connected,LTE Cat-M1,50.0,%,-10,RSRQ,dB,81.66,%,-81,RSRP,dBm,100.0,charged,VIN,3039892,233044,Protected,104407,54,13843,,ok
2025-11-25T18:07:16Z,MOD-X-00958,32,521,445,1,1,error,2,0,Cellular,connected,0,Wi-Fi,-100,-100,-100,-100,24912898,24832,311,480,Verizon Wireless,LTE,1,unknown,0,0,connected,LTE Cat-M1,50.0,%,-10,RSRQ,dB,81.66,%,-81,RSRP,dBm,100.0,charged,VIN,3039892,234260,Protected,100807,42,10249,,ok
2025-11-25T17:07:10Z,MOD-X-00958,30,539,430,1,1,error,2,0,Cellular,connected,0,Wi-Fi,-100,-100,-100,-100,24912898,24832,311,480,Verizon Wireless,LTE,1,unknown,0,0,connected,LTE Cat-M1,62.5,%,-9,RSRQ,dB,83.33,%,-80,RSRP,dBm,100.0,charged,VIN,3039892,234420,Protected,97207,27,6643,,ok
2025-11-25T16:07:10Z,MOD-X-00958,29,569,415,1,1,error,2,0,Cellular,connected,0,Wi-Fi,-100,-100,-100,-100,24912898,24832,311,480,Verizon Wireless,LTE,1,unknown,0,0,connected,LTE Cat-M1,41.66,%,-12,RSRQ,dB,80.0,%,-82,RSRP,dBm,100.0,charged,VIN,3039892,233588,Protected,93607,13,3043,,ok
2025-11-25T15:07:10Z,MOD-X-00958,21,524,384,0,1,error,1,0,Cellular,connected,0,Wi-Fi,-100,-100,-100,-100,24912898,24832,311,480,Verizon Wireless,LTE,1,unknown,0,0,connected,LTE Cat-M1,50.0,%,-10,RSRQ,dB,81.66,%,-81,RSRP,dBm,100.0,charged,VIN,3039892,233300,Protected,90007,275,73272,400.0,ok
2025-11-25T14:07:10Z,MOD-X-00958,17,466,368,0,1,error,1,0,Cellular,connected,0,Wi-Fi,-100,-100,-100,-100,24912898,24832,311,480,Verizon Wireless,LTE,1,unknown,0,0,connected,LTE Cat-M1,50.0,%,-10,RSRQ,dB,81.66,%,-81,RSRP,dBm,100.0,charged,VIN,3039892,233172,Protected,86407,260,69672,400.0,ok
2025-11-25T13:07:10Z,MOD-X-00958,16,503,352,0,1,error,1,0,Cellular,connected,0,Wi-Fi,-100,-100,-100,-100,24912898,24832,311,480,Verizon Wireless,LTE,1,unknown,0,0,connected,LTE Cat-M1,50.0,%,-10,RSRQ,dB,81.66,%,-81,RSRP,dBm,100.0,charged,VIN,3039892,232628,Protected,82807,245,66072,400.0,ok
2025-11-25T12:07:10Z,MOD-X-00958,15,514,337,0,1,error,1,0,Cellular,connected,0,Wi-Fi,-100,-100,-100,-100,24912898,24832,311,480,Verizon Wireless,LTE,1,unknown,0,0,connected,LTE Cat-M1,50.0,%,-10,RSRQ,dB,80.0,%,-82,RSRP,dBm,100.0,charged,VIN,3039892,232468,Protected,79207,231,62472,400.0,ok
2025-11-25T11:07:10Z,MOD-X-00958,14,518,323,0,1,error,1,0,Cellular,connected,0,Wi-Fi,-100,-100,-100,-100,24912898,24832,311,480,Verizon Wireless,LTE,1,unknown,0,0,connected,LTE Cat-M1,45.83,%,-11,RSRQ,dB,81.66,%,-81,RSRP,dBm,100.0,charged,VIN,3039892,232468,Protected,75607,218,58872,400.0,ok
2025-11-25T10:07:10Z,MOD-X-00958,14,927,309,0,1,error,1,0,Cellular,connected,0,Wi-Fi,-100,-100,-100,-100,24912898,24832,311,480,Verizon Wireless,LTE,1,unknown,0,0,connected,LTE Cat-M1,50.0,%,-10,RSRQ,dB,81.66,%,-81,RSRP,dBm,100.0,charged,VIN,3039892,225012,Protected,72007,206,55272,400.0,ok
2025-11-25T09:07:10Z,MOD-X-00958,12,990,294,0,1,error,1,0,Cellular,connected,0,Wi-Fi,-100,-100,-100,-100,24912898,24832,311,480,Verizon Wireless,LTE,1,unknown,0,0,connected,LTE Cat-M1,50.0,%,-10,RSRQ,dB,81.66,%,-81,RSRP,dBm,100.0,charged,VIN,3039892,229492,Protected,68407,192,51672,400.0,ok
2025-11-25T08:07:10Z,MOD-X-00958,12,528,280,0,1,error,1,0,Cellular,connected,0,Wi-Fi,-100,-100,-100,-100,24912898,24832,311,480,Verizon Wireless,LTE,1,unknown,0,0,connected,LTE Cat-M1,50.0,%,-10,RSRQ,dB,81.66,%,-81,RSRP,dBm,100.0,charged,VIN,3039892,229492,Protected,64807,179,48072,400.0,ok
2025-11-25T07:07:10Z,MOD-X-00958,12,502,265,0,1,error,1,0,Cellular,connected,0,Wi-Fi,-100,-100,-100,-100,24912898,24832,311,480,Verizon Wireless,LTE,1,unknown,0,0,connected,LTE Cat-M1,45.83,%,-11,RSRQ,dB,76.66,%,-84,RSRP,dBm,100.0,charged,VIN,3039892,229332,Protected,61207,165,44472,400.0,ok
2025-11-25T06:07:10Z,MOD-X-00958,12,463,251,0,1,error,1,0,Cellular,connected,0,Wi-Fi,-100,-100,-100,-100,24912898,24832,311,480,Verizon Wireless,LTE,1,unknown,0,0,connected,LTE Cat-M1,45.83,%,-11,RSRQ,dB,78.33,%,-83,RSRP,dBm,100.0,charged,VIN,3039892,228916,Protected,57607,152,40872,400.0,ok
2025-11-25T05:07:10Z,MOD-X-00958,12,508,236,0,1,error,1,0,Cellular,connected,0,Wi-Fi,-100,-100,-100,-100,24912898,24832,311,480,Verizon Wireless,LTE,1,unknown,0,0,connected,LTE Cat-M1,45.83,%,-11,RSRQ,dB,76.66,%,-84,RSRP,dBm,100.0,charged,VIN,3039892,228500,Protected,54007,138,37272,400.0,ok
2025-11-25T04:07:10Z,MOD-X-00958,10,510,221,0,1,error,1,0,Cellular,connected,0,Wi-Fi,-100,-100,-100,-100,24912898,24832,311,480,Verizon Wireless,LTE,1,unknown,0,0,connected,LTE Cat-M1,41.66,%,-12,RSRQ,dB,76.66,%,-84,RSRP,dBm,100.0,charged,VIN,3039892,227988,Protected,50407,124,33672,400.0,ok
2025-11-25T03:07:16Z,MOD-X-00958,9,507,207,0,1,error,1,0,Cellular,connected,0,Wi-Fi,-100,-100,-100,-100,24912898,24832,311,480,Verizon Wireless,LTE,1,unknown,0,0,connected,LTE Cat-M1,45.83,%,-11,RSRQ,dB,76.66,%,-84,RSRP,dBm,100.0,charged,VIN,3039892,227348,Protected,46807,111,30078,400.0,ok
2025-11-25T02:07:10Z,MOD-X-00958,9,457,192,0,1,error,1,0,Cellular,connected,0,Wi-Fi,-100,-100,-100,-100,24912898,24832,311,480,Verizon Wireless,LTE,1,unknown,0,0,connected,LTE Cat-M1,45.83,%,-11,RSRQ,dB,76.66,%,-84,RSRP,dBm,100.0,charged,VIN,3039892,227028,Protected,43207,97,26472,400.0,ok
2025-11-25T01:07:10Z,MOD-X-00958,9,418,178,0,1,error,1,0,Cellular,connected,0,Wi-Fi,-100,-100,-100,-100,24912898,24832,311,480,Verizon Wireless,LTE,1,unknown,0,0,connected,LTE Cat-M1,45.83,%,-11,RSRQ,dB,75.0,%,-85,RSRP,dBm,100.0,charged,VIN,3039892,227092,Protected,39607,84,22872,400.0,ok
2025-11-25T00:07:10Z,MOD-X-00958,9,547,164,0,1,error,1,0,Cellular,connected,0,Wi-Fi,-100,-100,-100,-100,24912898,24832,311,480,Verizon Wireless,LTE,1,unknown,0,0,connected,LTE Cat-M1,41.66,%,-12,RSRQ,dB,76.66,%,-84,RSRP,dBm,100.0,charged,VIN,3039892,226292,Protected,36007,71,19272,400.0,ok
2025-11-24T23:07:10Z,MOD-X-00958,9,464,150,0,1,error,1,0,Cellular,connected,0,Wi-Fi,-100,-100,-100,-100,24912898,24832,311,480,Verizon Wireless,LTE,1,unknown,0,0,connected,LTE Cat-M1,45.83,%,-11,RSRQ,dB,76.66,%,-84,RSRP,dBm,100.0,charged,VIN,3039892,225652,Protected,32407,58,15672,400.0,ok
2025-11-24T22:07:10Z,MOD-X-00958,7,495,136,0,1,error,1,0,Cellular,connected,0,Wi-Fi,-100,-100,-100,-100,24912898,24832,311,480,Verizon Wireless,LTE,1,unknown,0,0,connected,LTE Cat-M1,50.0,%,-10,RSRQ,dB,83.33,%,-80,RSRP,dBm,100.0,charged,VIN,3039892,225620,Protected,28807,45,12072,400.0,ok
2025-11-24T21:07:10Z,MOD-X-00958,7,463,122,0,1,error,1,0,Cellular,connected,0,Wi-Fi,-100,-100,-100,-100,24912898,24832,311,480,Verizon Wireless,LTE,1,unknown,0,0,connected,LTE Cat-M1,41.66,%,-12,RSRQ,dB,80.0,%,-82,RSRP,dBm,100.0,charged,VIN,3039892,225812,Protected,25207,32,8472,400.0,ok
2025-11-24T20:07:10Z,MOD-X-00958,7,530,108,0,1,error,1,0,Cellular,connected,0,Wi-Fi,-100,-100,-100,-100,24912898,24832,311,480,Verizon Wireless,LTE,1,unknown,0,0,connected,LTE Cat-M1,45.83,%,-11,RSRQ,dB,81.66,%,-81,RSRP,dBm,100.0,charged,VIN,3039892,224244,Protected,21607,19,4872,400.0,ok
2025-11-24T19:07:10Z,MOD-X-00958,4,515,94,0,1,error,1,0,Cellular,connected,0,Wi-Fi,-100,-100,-100,-100,24912898,24832,311,480,Verizon Wireless,LTE,1,unknown,0,0,connected,LTE Cat-M1,45.83,%,-11,RSRQ,dB,80.0,%,-82,RSRP,dBm,100.0,charged,VIN,3039892,224500,Protected,18007,6,1272,400.0,ok
2025-11-24T18:46:00Z,MOD-X-00958,4,1131,83,0,1,error,1,0,Cellular,connecting,0,Wi-Fi,-100,-100,-100,-100,24912898,24832,311,480,Verizon Wireless,LTE,1,unknown,0,0,connected,LTE Cat-M1,41.66,%,-12,RSRQ,dB,78.33,%,-83,RSRP,dBm,100.0,charged,VIN,3039892,223924,Protected,16737,1,2,400.0,ok
2025-11-24T18:07:10Z,MOD-X-00958,4,507,65,0,1,none,0,0,Cellular,connected,0,Wi-Fi,-100,-100,-100,-100,24912898,24832,311,480,Verizon Wireless,LTE,1,unknown,0,0,connected,LTE Cat-M1,41.66,%,-12,RSRQ,dB,81.66,%,-81,RSRP,dBm,100.0,charged,VIN,3039892,222164,Protected,14407,53,14390,,ok
2025-11-24T17:07:10Z,MOD-X-00958,4,474,51,0,1,none,0,0,Cellular,connected,0,Wi-Fi,-100,-100,-100,-100,24912898,24832,311,480,Verizon Wireless,LTE,1,unknown,0,0,connected,LTE Cat-M1,37.5,%,-13,RSRQ,dB,80.0,%,-82,RSRP,dBm,100.0,charged,VIN,3039892,219668,Protected,10806,40,10790,,ok
2025-11-24T16:07:10Z,MOD-X-00958,4,510,37,0,1,none,0,0,Cellular,connected,0,Wi-Fi,-100,-100,-100,-100,24912898,24832,311,480,Verizon Wireless,LTE,1,unknown,0,0,connected,LTE Cat-M1,45.83,%,-11,RSRQ,dB,81.66,%,-81,RSRP,dBm,100.0,charged,VIN,3039892,219220,Protected,7206,27,7190,,ok
2025-11-24T15:07:10Z,MOD-X-00958,0,513,23,0,1,none,0,0,Cellular,connected,0,Wi-Fi,-100,-100,-100,-100,24912898,24832,311,480,Verizon Wireless,LTE,1,unknown,0,0,connected,LTE Cat-M1,41.66,%,-12,RSRQ,dB,76.66,%,-84,RSRP,dBm,100.0,charging,VIN,3039892,219092,Protected,3606,14,3590,,ok
2025-11-23T22:50:32Z,MOD-X-00958,3,603,125,0,1,none,0,0,Cellular,connected,0,Wi-Fi,-100,-100,-100,-100,24912898,24832,311,480,Verizon Wireless,LTE,1,unknown,0,0,connected,LTE Cat-M1,37.5,%,-13,RSRQ,dB,78.33,%,-83,RSRP,dBm,100.0,charged,VIN,3039892,221140,Protected,28807,109,28790,,ok
2025-11-23T21:50:36Z,MOD-X-00958,2,460,111,0,1,none,0,0,Cellular,connected,0,Wi-Fi,-100,-100,-100,-100,24912898,24832,311,480,Verizon Wireless,LTE,1,unknown,0,0,connected,LTE Cat-M1,45.83,%,-11,RSRQ,dB,81.66,%,-81,RSRP,dBm,100.0,charged,VIN,3039892,221972,Protected,25207,96,25195,,ok
2025-11-23T20:50:32Z,MOD-X-00958,2,577,97,0,1,none,0,0,Cellular,connected,0,Wi-Fi,-100,-100,-100,-100,24912898,24832,311,480,Verizon Wireless,LTE,1,unknown,0,0,connected,LTE Cat-M1,45.83,%,-11,RSRQ,dB,78.33,%,-83,RSRP,dBm,100.0,charged,VIN,3039892,222260,Protected,21607,83,21590,,ok
2025-11-23T19:50:32Z,MOD-X-00958,1,582,83,0,1,none,0,0,Cellular,connected,0,Wi-Fi,-100,-100,-100,-100,24912898,24832,311,480,Verizon Wireless,LTE,1,unknown,0,0,connected,LTE Cat-M1,37.5,%,-13,RSRQ,dB,76.66,%,-84,RSRP,dBm,100.0,charged,VIN,3039892,221300,Protected,18007,70,17991,,ok
2025-11-23T18:50:32Z,MOD-X-00958,1,459,69,0,1,none,0,0,Cellular,connected,0,Wi-Fi,-100,-100,-100,-100,24912898,24832,311,480,Verizon Wireless,LTE,1,unknown,0,0,connected,LTE Cat-M1,33.33,%,-14,RSRQ,dB,76.66,%,-84,RSRP,dBm,100.0,charged,VIN,3039892,220724,Protected,14407,57,14390,,ok
2025-11-23T17:50:32Z,MOD-X-00958,1,596,54,0,1,none,0,0,Cellular,connected,0,Wi-Fi,-100,-100,-100,-100,24912898,24832,311,480,Verizon Wireless,LTE,1,unknown,0,0,connected,LTE Cat-M1,37.5,%,-13,RSRQ,dB,80.0,%,-82,RSRP,dBm,100.0,charged,VIN,3039892,222100,Protected,10807,43,10790,,ok
2025-11-23T16:50:32Z,MOD-X-00958,0,472,40,0,1,none,0,0,Cellular,connected,0,Wi-Fi,-100,-100,-100,-100,24912898,24832,311,480,Verizon Wireless,LTE,1,unknown,0,0,connected,LTE Cat-M1,41.66,%,-12,RSRQ,dB,78.33,%,-83,RSRP,dBm,100.0,charged,VIN,3039892,219412,Protected,7206,30,7190,,ok
2025-11-23T15:50:32Z,MOD-X-00958,0,191,26,0,1,none,0,0,Cellular,connected,0,Wi-Fi,-100,-100,-100,-100,24912898,24832,311,480,Verizon Wireless,LTE,1,unknown,0,0,connected,LTE Cat-M1,37.5,%,-13,RSRQ,dB,76.66,%,-84,RSRP,dBm,100.0,charged,VIN,3039892,219636,Protected,3606,17,3590,,ok
2025-11-22T23:30:59Z,MOD-X-00958,1,523,94,0,1,none,0,0,Cellular,connected,0,Wi-Fi,-100,-100,-100,-100,24912898,24832,311,480,Verizon Wireless,LTE,1,unknown,0,0,connected,LTE Cat-M1,50.0,%,-10,RSRQ,dB,83.33,%,-80,RSRP,dBm,100.0,charged,VIN,3039892,224020,Protected,21607,80,21562,,ok
2025-11-22T22:30:59Z,MOD-X-00958,1,481,79,0,1,none,0,0,Cellular,connected,0,Wi-Fi,-100,-100,-100,-100,24912898,24832,311,480,Verizon Wireless,LTE,1,unknown,0,0,connected,LTE Cat-M1,45.83,%,-11,RSRQ,dB,78.33,%,-83,RSRP,dBm,100.0,charged,VIN,3039892,223476,Protected,18007,66,17962,,ok
2025-11-22T21:30:59Z,MOD-X-00958,1,478,65,0,1,none,0,0,Cellular,connected,0,Wi-Fi,-100,-100,-100,-100,24912898,24832,311,480,Verizon Wireless,LTE,1,unknown,0,0,connected,LTE Cat-M1,41.66,%,-12,RSRQ,dB,78.33,%,-83,RSRP,dBm,100.0,charged,VIN,3039892,223028,Protected,14407,53,14363,,ok
2025-11-22T20:30:59Z,MOD-X-00958,0,1514,51,0,1,none,0,0,Cellular,connected,0,Wi-Fi,-100,-100,-100,-100,24912898,24832,311,480,Verizon Wireless,LTE,1,unknown,0,0,connected,LTE Cat-M1,41.66,%,-12,RSRQ,dB,80.0,%,-82,RSRP,dBm,100.0,charged,VIN,3039892,222036,Protected,10806,40,10762,,ok
2025-11-22T19:30:59Z,MOD-X-00958,0,204,38,0,1,none,0,0,Cellular,connected,0,Wi-Fi,-100,-100,-100,-100,24912898,24832,311,480,Verizon Wireless,LTE,1,unknown,0,0,connected,LTE Cat-M1,41.66,%,-12,RSRQ,dB,78.33,%,-83,RSRP,dBm,100.0,charging,VIN,3039892,220180,Protected,7206,28,7162,,ok
2025-11-22T18:30:59Z,MOD-X-00958,0,170,24,0,1,none,0,0,Cellular,connected,0,Wi-Fi,-100,-100,-100,-100,24912898,24832,311,480,Verizon Wireless,LTE,1,unknown,0,0,connected,LTE Cat-M1,37.5,%,-13,RSRQ,dB,78.33,%,-83,RSRP,dBm,97.34,charging,VIN,3039892,219636,Protected,3606,15,3562,,ok
2025-11-22T00:22:57Z,MOD-X-00958,3,510,101,0,1,none,0,0,Cellular,connected,0,Wi-Fi,-100,-100,-100,-100,24912898,24832,311,480,Verizon Wireless,LTE,1,unknown,0,0,connected,LTE Cat-M1,41.66,%,-12,RSRQ,dB,80.0,%,-82,RSRP,dBm,88.6,charging,VIN,3039892,223060,Protected,18006,81,17987,221.0,ok
2025-11-21T23:22:57Z,MOD-X-00958,2,407,84,0,1,none,0,0,Cellular,connected,0,Wi-Fi,-100,-100,-100,-100,24912898,24832,311,480,Verizon Wireless,LTE,1,unknown,0,0,connected,LTE Cat-M1,33.33,%,-14,RSRQ,dB,78.33,%,-83,RSRP,dBm,64.16,charging,VIN,3039892,222484,Protected,14406,65,14387,221.0,ok
2025-11-21T22:22:58Z,MOD-X-00958,0,467,67,0,1,none,0,0,Cellular,connected,0,Wi-Fi,-100,-100,-100,-100,24912898,24832,311,480,Verizon Wireless,LTE,1,unknown,0,0,connected,LTE Cat-M1,41.66,%,-12,RSRQ,dB,81.66,%,-81,RSRP,dBm,31.43,charging,VIN,3039892,220820,Protected,10806,49,10787,221.0,ok
2025-11-21T21:22:58Z,MOD-X-00958,0,470,50,0,1,none,0,0,Cellular,connected,0,Wi-Fi,-100,-100,-100,-100,24912898,24832,311,480,Verizon Wireless,LTE,1,unknown,0,0,connected,LTE Cat-M1,37.5,%,-13,RSRQ,dB,78.33,%,-83,RSRP,dBm,14.97,charging,VIN,3039892,220628,Protected,7206,33,7187,221.0,ok
2025-11-21T20:22:58Z,MOD-X-00958,0,521,33,0,1,none,0,0,Cellular,connected,0,Wi-Fi,-100,-100,-100,-100,24912898,24832,311,480,Verizon Wireless,LTE,1,unknown,0,0,connected,LTE Cat-M1,29.16,%,-15,RSRQ,dB,78.33,%,-83,RSRP,dBm,4.61,charging,VIN,3039892,220020,Protected,3606,17,3587,221.0,ok
2025-11-21T19:23:12Z,MOD-X-00958,0,1202,10,0,1,none,0,0,Cellular,connected,0,Wi-Fi,-100,-100,-100,-100,24912898,24832,311,480,Verizon Wireless,LTE,1,unknown,0,0,connected,LTE Cat-M1,50.0,%,-10,RSRQ,dB,80.0,%,-82,RSRP,dBm,0.0,charging,VIN,3039892,216436,Protected,21,2,2,221.0,ok
2025-11-17T22:03:04Z,MOD-X-00958,0,1189,10,0,1,none,0,0,Cellular,connecting,0,Wi-Fi,-100,-100,-100,-100,14353921,14337,311,480,Verizon Wireless,LTE,1,unknown,0,0,connected,LTE Cat-M1,45.83,%,-11,RSRQ,dB,67.5,%,-88,RSRP,dBm,100.0,charging,VIN,3039892,215860,Protected,14,2,2,463.0,ok
2025-11-12T22:08:27Z,MOD-X-00958,1,440,95,0,1,none,0,0,Cellular,connected,0,Wi-Fi,-100,-100,-100,-100,24912898,24832,311,480,Verizon Wireless,LTE,1,unknown,0,0,connected,LTE Cat-M1,37.5,%,-13,RSRQ,dB,76.66,%,-84,RSRP,dBm,100.0,charged,VIN,3039892,223508,Protected,21607,81,21578,,ok
2025-11-12T21:08:27Z,MOD-X-00958,1,519,81,0,1,none,0,0,Cellular,connected,0,Wi-Fi,-100,-100,-100,-100,24912898,24832,311,480,Verizon Wireless,LTE,1,unknown,0,0,connected,LTE Cat-M1,33.33,%,-14,RSRQ,dB,72.5,%,-86,RSRP,dBm,100.0,charged,VIN,3039892,223028,Protected,18007,68,17978,,ok
2025-11-12T20:08:27Z,MOD-X-00958,1,565,67,0,1,none,0,0,Cellular,connected,0,Wi-Fi,-100,-100,-100,-100,24912898,24832,311,480,Verizon Wireless,LTE,1,unknown,0,0,connected,LTE Cat-M1,50.0,%,-10,RSRQ,dB,80.0,%,-82,RSRP,dBm,100.0,charged,VIN,3039892,222452,Protected,14407,55,14378,,ok
2025-11-12T19:08:27Z,MOD-X-00958,1,467,53,0,1,none,0,0,Cellular,connected,0,Wi-Fi,-100,-100,-100,-100,24912898,24832,311,480,Verizon Wireless,LTE,1,unknown,0,0,connected,LTE Cat-M1,29.16,%,-15,RSRQ,dB,72.5,%,-86,RSRP,dBm,100.0,charged,VIN,3039892,222452,Protected,10807,42,10778,,ok
2025-11-12T18:08:27Z,MOD-X-00958,1,206,40,0,1,none,0,0,Cellular,connected,0,Wi-Fi,-100,-100,-100,-100,24912898,24832,311,480,Verizon Wireless,LTE,1,unknown,0,0,connected,LTE Cat-M1,29.16,%,-15,RSRQ,dB,67.5,%,-88,RSRP,dBm,100.0,charged,VIN,3039892,219668,Protected,7206,30,7178,,ok
2025-11-12T17:08:27Z,MOD-X-00958,0,288,26,0,1,none,0,0,Cellular,connected,0,Wi-Fi,-100,-100,-100,-100,24912898,24832,311,480,Verizon Wireless,LTE,1,unknown,0,0,connected,LTE Cat-M1,37.5,%,-13,RSRQ,dB,72.5,%,-86,RSRP,dBm,100.0,charged,VIN,3039892,219348,Protected,3606,17,3578,,ok
2025-11-12T06:00:49Z,MOD-X-00958,16,470,233,0,1,none,0,0,Cellular,connected,0,Wi-Fi,-100,-100,-100,-100,24912898,24832,311,480,Verizon Wireless,LTE,1,unknown,0,0,connected,LTE Cat-M1,29.16,%,-15,RSRQ,dB,70.0,%,-87,RSRP,dBm,100.0,charged,VIN,3039892,226516,Protected,57607,209,57588,,ok
2025-11-12T05:00:49Z,MOD-X-00958,13,472,219,0,1,none,0,0,Cellular,connected,0,Wi-Fi,-100,-100,-100,-100,24912898,24832,311,480,Verizon Wireless,LTE,1,unknown,0,0,connected,LTE Cat-M1,29.16,%,-15,RSRQ,dB,70.0,%,-87,RSRP,dBm,100.0,charged,VIN,3039892,226996,Protected,54007,196,53988,,ok
2025-11-12T04:00:49Z,MOD-X-00958,13,494,205,0,1,none,0,0,Cellular,connected,0,Wi-Fi,-100,-100,-100,-100,24912898,24832,311,480,Verizon Wireless,LTE,1,unknown,0,0,connected,LTE Cat-M1,33.33,%,-14,RSRQ,dB,70.0,%,-87,RSRP,dBm,100.0,charged,VIN,3039892,227444,Protected,50407,183,50388,,ok
2025-11-12T03:00:49Z,MOD-X-00958,13,498,191,0,1,none,0,0,Cellular,connected,0,Wi-Fi,-100,-100,-100,-100,24912898,24832,311,480,Verizon Wireless,LTE,1,unknown,0,0,connected,LTE Cat-M1,33.33,%,-14,RSRQ,dB,70.0,%,-87,RSRP,dBm,100.0,charged,VIN,3039892,226036,Protected,46807,170,46788,,ok
2025-11-12T02:00:49Z,MOD-X-00958,13,458,177,0,1,none,0,0,Cellular,connected,0,Wi-Fi,-100,-100,-100,-100,24912898,24832,311,480,Verizon Wireless,LTE,1,unknown,0,0,connected,LTE Cat-M1,37.5,%,-13,RSRQ,dB,75.0,%,-85,RSRP,dBm,100.0,charged,VIN,3039892,226132,Protected,43207,157,43188,,ok
2025-11-12T01:00:49Z,MOD-X-00958,10,589,163,0,1,none,0,0,Cellular,connected,0,Wi-Fi,-100,-100,-100,-100,24912898,24832,311,480,Verizon Wireless,LTE,1,unknown,0,0,connected,LTE Cat-M1,29.16,%,-15,RSRQ,dB,67.5,%,-88,RSRP,dBm,100.0,charged,VIN,3039892,224628,Protected,39607,144,39588,,ok
2025-11-12T00:00:49Z,MOD-X-00958,10,397,149,0,1,none,0,0,Cellular,connected,0,Wi-Fi,-100,-100,-100,-100,24912898,24832,311,480,Verizon Wireless,LTE,1,unknown,0,0,connected,LTE Cat-M1,25.0,%,-16,RSRQ,dB,62.5,%,-90,RSRP,dBm,100.0,charged,VIN,3039892,223860,Protected,36007,131,35988,,ok
2025-11-11T23:00:49Z,MOD-X-00958,10,577,135,0,1,none,0,0,Cellular,connected,0,Wi-Fi,-100,-100,-100,-100,24912898,24832,311,480,Verizon Wireless,LTE,1,unknown,0,0,connected,LTE Cat-M1,45.83,%,-11,RSRQ,dB,80.0,%,-82,RSRP,dBm,100.0,charged,VIN,3039892,223380,Protected,32407,118,32388,,ok
2025-11-11T22:00:49Z,MOD-X-00958,9,494,121,0,1,none,0,0,Cellular,connected,0,Wi-Fi,-100,-100,-100,-100,24912898,24832,311,480,Verizon Wireless,LTE,1,unknown,0,0,connected,LTE Cat-M1,29.16,%,-15,RSRQ,dB,67.5,%,-88,RSRP,dBm,100.0,charged,VIN,3039892,223348,Protected,28807,105,28788,,ok
2025-11-11T21:00:49Z,MOD-X-00958,9,4798,107,0,1,none,0,0,Cellular,connected,0,Wi-Fi,-100,-100,-100,-100,24912898,24832,311,480,Verizon Wireless,LTE,1,unknown,0,0,connected,LTE Cat-M1,50.0,%,-10,RSRQ,dB,81.66,%,-81,RSRP,dBm,100.0,charged,VIN,3039892,222804,Protected,25207,92,25188,,ok
2025-11-11T20:00:49Z,MOD-X-00958,8,5522,93,0,1,none,0,0,Cellular,connected,0,Wi-Fi,-100,-100,-100,-100,24912898,24832,311,480,Verizon Wireless,LTE,1,unknown,0,0,connected,LTE Cat-M1,41.66,%,-12,RSRQ,dB,72.5,%,-86,RSRP,dBm,100.0,charged,VIN,3039892,222452,Protected,21607,79,21588,,ok
2025-11-11T19:00:49Z,MOD-X-00958,6,5509,79,0,1,none,0,0,Cellular,connected,0,Wi-Fi,-100,-100,-100,-100,24912898,24832,311,480,Verizon Wireless,LTE,1,unknown,0,0,connected,LTE Cat-M1,37.5,%,-13,RSRQ,dB,72.5,%,-86,RSRP,dBm,100.0,charged,VIN,3039892,222004,Protected,18007,66,17988,,ok
2025-11-11T18:00:49Z,MOD-X-00958,3,454,65,0,1,none,0,0,Cellular,connected,0,Wi-Fi,-100,-100,-100,-100,24912898,24832,311,480,Verizon Wireless,LTE,1,unknown,0,0,connected,LTE Cat-M1,45.83,%,-11,RSRQ,dB,78.33,%,-83,RSRP,dBm,100.0,charged,VIN,3039892,221620,Protected,14407,53,14388,,ok
2025-11-11T17:00:49Z,MOD-X-00958,3,724,51,0,1,none,0,0,Cellular,connected,0,Wi-Fi,-100,-100,-100,-100,24912898,24832,311,480,Verizon Wireless,LTE,1,unknown,0,0,connected,LTE Cat-M1,33.33,%,-14,RSRQ,dB,75.0,%,-85,RSRP,dBm,100.0,charged,VIN,3039892,219604,Protected,10807,40,10788,,ok
2025-11-11T16:00:49Z,MOD-X-00958,3,525,37,0,1,none,0,0,Cellular,connected,0,Wi-Fi,-100,-100,-100,-100,24912898,24832,311,480,Verizon Wireless,LTE,1,unknown,0,0,connected,LTE Cat-M1,37.5,%,-13,RSRQ,dB,72.5,%,-86,RSRP,dBm,100.0,charged,VIN,3039892,219732,Protected,7206,27,7188,,ok
2025-11-11T15:00:49Z,MOD-X-00958,2,479,23,0,1,none,0,0,Cellular,connected,0,Wi-Fi,-100,-100,-100,-100,24912898,24832,311,480,Verizon Wireless,LTE,1,unknown,0,0,connected,LTE Cat-M1,37.5,%,-13,RSRQ,dB,70.0,%,-87,RSRP,dBm,100.0,charged,VIN,3039892,219892,Protected,3606,14,3588,,ok
2025-11-10T21:53:59Z,MOD-X-00958,8,1554,136,0,1,error,1,0,Cellular,connected,0,Wi-Fi,-100,-100,-100,-100,24912898,24832,311,480,Verizon Wireless,LTE,1,unknown,0,0,connected,LTE Cat-M1,50.0,%,-10,RSRQ,dB,78.33,%,-83,RSRP,dBm,100.0,charged,VIN,3039892,223764,Protected,28807,94,25619,540.0,ok
2025-11-10T20:53:59Z,MOD-X-00958,7,420,122,0,1,error,1,0,Cellular,connected,0,Wi-Fi,-100,-100,-100,-100,24912898,24832,311,480,Verizon Wireless,LTE,1,unknown,0,0,connected,LTE Cat-M1,33.33,%,-14,RSRQ,dB,67.5,%,-88,RSRP,dBm,100.0,charged,VIN,3039892,223476,Protected,25207,81,22019,540.0,ok
2025-11-10T19:54:03Z,MOD-X-00958,6,458,108,0,1,error,1,0,Cellular,connected,0,Wi-Fi,-100,-100,-100,-100,24912898,24832,311,480,Verizon Wireless,LTE,1,unknown,0,0,connected,LTE Cat-M1,37.5,%,-13,RSRQ,dB,70.0,%,-87,RSRP,dBm,100.0,charged,VIN,3039892,223252,Protected,21606,68,18423,540.0,ok
2025-11-10T18:53:59Z,MOD-X-00958,6,556,94,0,1,error,1,0,Cellular,connected,0,Wi-Fi,-100,-100,-100,-100,24912898,24832,311,480,Verizon Wireless,LTE,1,unknown,0,0,connected,LTE Cat-M1,29.16,%,-15,RSRQ,dB,65.0,%,-89,RSRP,dBm,100.0,charged,VIN,3039892,222484,Protected,18006,55,14819,540.0,ok
2025-11-10T17:53:59Z,MOD-X-00958,5,451,80,0,1,error,1,0,Cellular,connected,0,Wi-Fi,-100,-100,-100,-100,24912898,24832,311,480,Verizon Wireless,LTE,1,unknown,0,0,connected,LTE Cat-M1,37.5,%,-13,RSRQ,dB,72.5,%,-86,RSRP,dBm,100.0,charged,VIN,3039892,220980,Protected,14406,42,11219,540.0,ok
2025-11-10T16:53:59Z,MOD-X-00958,5,527,66,0,1,error,1,0,Cellular,connected,0,Wi-Fi,-100,-100,-100,-100,24912898,24832,311,480,Verizon Wireless,LTE,1,unknown,0,0,connected,LTE Cat-M1,29.16,%,-15,RSRQ,dB,67.5,%,-88,RSRP,dBm,100.0,charged,VIN,3039892,220564,Protected,10806,29,7619,540.0,ok
2025-11-10T15:53:59Z,MOD-X-00958,5,475,52,0,1,error,1,0,Cellular,connected,0,Wi-Fi,-100,-100,-100,-100,24912898,24832,311,480,Verizon Wireless,LTE,1,unknown,0,0,connected,LTE Cat-M1,37.5,%,-13,RSRQ,dB,70.0,%,-87,RSRP,dBm,100.0,charged,VIN,3039892,220756,Protected,7206,16,4019,540.0,ok
2025-11-10T14:53:59Z,MOD-X-00958,5,527,38,0,1,error,1,0,Cellular,connected,0,Wi-Fi,-100,-100,-100,-100,24912898,24832,311,480,Verizon Wireless,LTE,1,unknown,0,0,connected,LTE Cat-M1,29.16,%,-15,RSRQ,dB,70.0,%,-87,RSRP,dBm,100.0,charging,VIN,3039892,220468,Protected,3606,3,419,540.0,ok
2025-11-10T14:47:02Z,MOD-X-00958,5,1198,30,0,1,error,1,0,Cellular,connecting,0,Wi-Fi,-100,-100,-100,-100,24912898,24832,311,480,Verizon Wireless,LTE,1,unknown,0,0,connected,LTE Cat-M1,25.0,%,-16,RSRQ,dB,75.0,%,-85,RSRP,dBm,100.0,charged,VIN,3039892,220532,Protected,3190,1,2,540.0,ok
2025-11-09T23:01:54Z,MOD-X-00958,16,483,530,0,1,none,0,0,Cellular,connected,0,Wi-Fi,-100,-100,-100,-100,24953345,24832,311,480,Verizon Wireless,LTE,1,unknown,0,0,connected,LTE Cat-M1,33.33,%,-14,RSRQ,dB,78.33,%,-83,RSRP,dBm,100.0,charged,VIN,3039892,238356,Protected,118808,489,118779,,ok
2025-11-09T22:01:54Z,MOD-X-00958,16,488,514,0,1,none,0,0,Cellular,connected,0,Wi-Fi,-100,-100,-100,-100,24953345,24832,311,480,Verizon Wireless,LTE,1,unknown,0,0,connected,LTE Cat-M1,41.66,%,-12,RSRQ,dB,76.66,%,-84,RSRP,dBm,100.0,charged,VIN,3039892,238228,Protected,115208,474,115179,,ok
2025-11-09T21:01:54Z,MOD-X-00958,16,474,497,0,1,none,0,0,Cellular,connected,0,Wi-Fi,-100,-100,-100,-100,24953345,24832,311,480,Verizon Wireless,LTE,1,unknown,0,0,connected,LTE Cat-M1,41.66,%,-12,RSRQ,dB,76.66,%,-84,RSRP,dBm,100.0,charged,VIN,3039892,237620,Protected,111608,458,111579,,ok
2025-11-09T20:01:54Z,MOD-X-00958,15,383,480,0,1,none,0,0,Cellular,connected,0,Wi-Fi,-100,-100,-100,-100,24953345,24832,311,480,Verizon Wireless,LTE,1,unknown,0,0,connected,LTE Cat-M1,37.5,%,-13,RSRQ,dB,78.33,%,-83,RSRP,dBm,100.0,charged,VIN,3039892,237332,Protected,108008,442,107979,,ok
2025-11-09T19:01:54Z,MOD-X-00958,15,468,463,0,1,none,0,0,Cellular,connected,0,Wi-Fi,-100,-100,-100,-100,24953345,24832,311,480,Verizon Wireless,LTE,1,unknown,0,0,connected,LTE Cat-M1,41.66,%,-12,RSRQ,dB,76.66,%,-84,RSRP,dBm,100.0,charged,VIN,3039892,236852,Protected,104408,426,104379,,ok
2025-11-09T18:01:54Z,MOD-X-00958,14,480,447,0,1,none,0,0,Cellular,connected,0,Wi-Fi,-100,-100,-100,-100,24953345,24832,311,480,Verizon Wireless,LTE,1,unknown,0,0,connected,LTE Cat-M1,45.83,%,-11,RSRQ,dB,76.66,%,-84,RSRP,dBm,100.0,charged,VIN,3039892,236500,Protected,100808,411,100779,,ok
2025-11-09T17:01:54Z,MOD-X-00958,14,497,432,0,1,none,0,0,Cellular,connected,0,Wi-Fi,-100,-100,-100,-100,24953345,24832,311,480,Verizon Wireless,LTE,1,unknown,0,0,connected,LTE Cat-M1,41.66,%,-12,RSRQ,dB,76.66,%,-84,RSRP,dBm,100.0,charged,VIN,3039892,237588,Protected,97208,397,97179,,ok
2025-11-09T16:01:54Z,MOD-X-00958,13,467,416,0,1,none,0,0,Cellular,connected,0,Wi-Fi,-100,-100,-100,-100,24953345,24832,311,480,Verizon Wireless,LTE,1,unknown,0,0,connected,LTE Cat-M1,45.83,%,-11,RSRQ,dB,76.66,%,-84,RSRP,dBm,100.0,charged,VIN,3039892,236084,Protected,93608,382,93579,,ok
2025-11-09T15:01:54Z,MOD-X-00958,13,511,399,0,1,none,0,0,Cellular,connected,0,Wi-Fi,-100,-100,-100,-100,24953345,24832,311,480,Verizon Wireless,LTE,1,unknown,0,0,connected,LTE Cat-M1,37.5,%,-13,RSRQ,dB,76.66,%,-84,RSRP,dBm,100.0,charged,VIN,3039892,236052,Protected,90008,366,89979,,ok
2025-11-09T14:01:54Z,MOD-X-00958,12,563,382,0,1,none,0,0,Cellular,connected,0,Wi-Fi,-100,-100,-100,-100,24953345,24832,311,480,Verizon Wireless,LTE,1,unknown,0,0,connected,LTE Cat-M1,41.66,%,-12,RSRQ,dB,78.33,%,-83,RSRP,dBm,100.0,charged,VIN,3039892,235476,Protected,86408,350,86379,,ok
2025-11-09T13:01:53Z,MOD-X-00958,11,525,366,0,1,none,0,0,Cellular,connected,0,Wi-Fi,-100,-100,-100,-100,24953345,24832,311,480,Verizon Wireless,LTE,1,unknown,0,0,connected,LTE Cat-M1,45.83,%,-11,RSRQ,dB,78.33,%,-83,RSRP,dBm,100.0,charged,VIN,3039892,233268,Protected,82808,335,82779,,ok
2025-11-09T12:01:53Z,MOD-X-00958,11,408,350,0,1,none,0,0,Cellular,connected,0,Wi-Fi,-100,-100,-100,-100,24953345,24832,311,480,Verizon Wireless,LTE,1,unknown,0,0,connected,LTE Cat-M1,50.0,%,-10,RSRQ,dB,78.33,%,-83,RSRP,dBm,100.0,charged,VIN,3039892,233844,Protected,79208,320,79179,,ok
2025-11-09T11:01:54Z,MOD-X-00958,11,476,333,0,1,none,0,0,Cellular,connected,0,Wi-Fi,-100,-100,-100,-100,24953345,24832,311,480,Verizon Wireless,LTE,1,unknown,0,0,connected,LTE Cat-M1,45.83,%,-11,RSRQ,dB,78.33,%,-83,RSRP,dBm,100.0,charged,VIN,3039892,232980,Protected,75608,304,75579,,ok
2025-11-09T10:01:59Z,MOD-X-00958,10,501,317,0,1,none,0,0,Cellular,connected,0,Wi-Fi,-100,-100,-100,-100,24953345,24832,311,480,Verizon Wireless,LTE,1,unknown,0,0,connected,LTE Cat-M1,33.33,%,-14,RSRQ,dB,76.66,%,-84,RSRP,dBm,100.0,charged,VIN,3039892,234548,Protected,72007,289,71985,,ok
2025-11-09T09:01:59Z,MOD-X-00958,8,522,301,0,1,none,0,0,Cellular,connected,0,Wi-Fi,-100,-100,-100,-100,24953345,24832,311,480,Verizon Wireless,LTE,1,unknown,0,0,connected,LTE Cat-M1,41.66,%,-12,RSRQ,dB,76.66,%,-84,RSRP,dBm,100.0,charged,VIN,3039892,232212,Protected,68407,274,68384,,ok
2025-11-09T08:01:58Z,MOD-X-00958,7,529,284,0,1,none,0,0,Cellular,connected,0,Wi-Fi,-100,-100,-100,-100,24953345,24832,311,480,Verizon Wireless,LTE,1,unknown,0,0,connected,LTE Cat-M1,45.83,%,-11,RSRQ,dB,76.66,%,-84,RSRP,dBm,100.0,charged,VIN,3039892,231188,Protected,64807,258,64784,,ok
2025-11-09T07:01:53Z,MOD-X-00958,7,533,267,0,1,none,0,0,Cellular,connected,0,Wi-Fi,-100,-100,-100,-100,24953345,24832,311,480,Verizon Wireless,LTE,1,unknown,0,0,connected,LTE Cat-M1,45.83,%,-11,RSRQ,dB,76.66,%,-84,RSRP,dBm,100.0,charged,VIN,3039892,230228,Protected,61207,242,61179,,ok
2025-11-09T06:01:53Z,MOD-X-00958,5,420,250,0,1,none,0,0,Cellular,connected,0,Wi-Fi,-100,-100,-100,-100,24953345,24832,311,480,Verizon Wireless,LTE,1,unknown,0,0,connected,LTE Cat-M1,45.83,%,-11,RSRQ,dB,76.66,%,-84,RSRP,dBm,100.0,charged,VIN,3039892,229588,Protected,57607,226,57578,,ok
2025-11-09T05:01:53Z,MOD-X-00958,5,470,233,0,1,none,0,0,Cellular,connected,0,Wi-Fi,-100,-100,-100,-100,24953345,24832,311,480,Verizon Wireless,LTE,1,unknown,0,0,connected,LTE Cat-M1,45.83,%,-11,RSRQ,dB,75.0,%,-85,RSRP,dBm,100.0,charged,VIN,3039892,229556,Protected,54007,210,53978,,ok
2025-11-09T04:01:53Z,MOD-X-00958,5,523,217,0,1,none,0,0,Cellular,connected,0,Wi-Fi,-100,-100,-100,-100,24953345,24832,311,480,Verizon Wireless,LTE,1,unknown,0,0,connected,LTE Cat-M1,45.83,%,-11,RSRQ,dB,75.0,%,-85,RSRP,dBm,100.0,charged,VIN,3039892,229716,Protected,50407,195,50378,,ok
2025-11-09T03:01:53Z,MOD-X-00958,5,514,200,0,1,none,0,0,Cellular,connected,0,Wi-Fi,-100,-100,-100,-100,24953345,24832,311,480,Verizon Wireless,LTE,1,unknown,0,0,connected,LTE Cat-M1,41.66,%,-12,RSRQ,dB,75.0,%,-85,RSRP,dBm,100.0,charged,VIN,3039892,229556,Protected,46807,179,46778,,ok
2025-11-09T02:01:54Z,MOD-X-00958,4,485,184,0,1,none,0,0,Cellular,connected,0,Wi-Fi,-100,-100,-100,-100,24953345,24832,311,480,Verizon Wireless,LTE,1,unknown,0,0,connected,LTE Cat-M1,41.66,%,-12,RSRQ,dB,76.66,%,-84,RSRP,dBm,100.0,charged,VIN,3039892,228916,Protected,43207,164,43179,,ok
2025-11-09T01:01:53Z,MOD-X-00958,4,451,168,0,1,none,0,0,Cellular,connected,0,Wi-Fi,-100,-100,-100,-100,24953345,24832,311,480,Verizon Wireless,LTE,1,unknown,0,0,connected,LTE Cat-M1,33.33,%,-14,RSRQ,dB,78.33,%,-83,RSRP,dBm,100.0,charged,VIN,3039892,228308,Protected,39607,149,39578,,ok
2025-11-09T00:01:53Z,MOD-X-00958,4,468,152,0,1,none,0,0,Cellular,connected,0,Wi-Fi,-100,-100,-100,-100,24953345,24832,311,480,Verizon Wireless,LTE,1,unknown,0,0,connected,LTE Cat-M1,37.5,%,-13,RSRQ,dB,78.33,%,-83,RSRP,dBm,100.0,charged,VIN,3039892,226868,Protected,36007,134,35978,,ok
2025-11-08T23:01:53Z,MOD-X-00958,3,492,136,0,1,none,0,0,Cellular,connected,0,Wi-Fi,-100,-100,-100,-100,24953345,24832,311,480,Verizon Wireless,LTE,1,unknown,0,0,connected,LTE Cat-M1,41.66,%,-12,RSRQ,dB,78.33,%,-83,RSRP,dBm,100.0,charged,VIN,3039892,226324,Protected,32407,119,32378,,ok
2025-11-08T22:01:53Z,MOD-X-00958,3,455,122,0,1,none,0,0,Cellular,connected,0,Wi-Fi,-100,-100,-100,-100,24953345,24832,311,480,Verizon Wireless,LTE,1,unknown,0,0,connected,LTE Cat-M1,41.66,%,-12,RSRQ,dB,78.33,%,-83,RSRP,dBm,100.0,charged,VIN,3039892,226420,Protected,28807,106,28778,,ok
2025-11-08T21:01:53Z,MOD-X-00958,3,530,108,0,1,none,0,0,Cellular,connected,0,Wi-Fi,-100,-100,-100,-100,24953345,24832,311,480,Verizon Wireless,LTE,1,unknown,0,0,connected,LTE Cat-M1,45.83,%,-11,RSRQ,dB,80.0,%,-82,RSRP,dBm,100.0,charged,VIN,3039892,226260,Protected,25207,93,25178,,ok
2025-11-08T20:01:53Z,MOD-X-00958,1,528,94,0,1,none,0,0,Cellular,connected,0,Wi-Fi,-100,-100,-100,-100,24953345,24832,311,480,Verizon Wireless,LTE,1,unknown,0,0,connected,LTE Cat-M1,41.66,%,-12,RSRQ,dB,76.66,%,-84,RSRP,dBm,100.0,charged,VIN,3039892,225044,Protected,21607,80,21578,,ok
2025-11-08T19:01:53Z,MOD-X-00958,1,488,80,0,1,none,0,0,Cellular,connected,0,Wi-Fi,-100,-100,-100,-100,24953345,24832,311,480,Verizon Wireless,LTE,1,unknown,0,0,connected,LTE Cat-M1,41.66,%,-12,RSRQ,dB,75.0,%,-85,RSRP,dBm,100.0,charged,VIN,3039892,223860,Protected,18007,67,17978,,ok
2025-11-08T18:01:53Z,MOD-X-00958,1,488,66,0,1,none,0,0,Cellular,connected,0,Wi-Fi,-100,-100,-100,-100,24953345,24832,311,480,Verizon Wireless,LTE,1,unknown,0,0,connected,LTE Cat-M1,41.66,%,-12,RSRQ,dB,75.0,%,-85,RSRP,dBm,100.0,charged,VIN,3039892,223412,Protected,14407,54,14378,,ok
2025-11-08T17:01:53Z,MOD-X-00958,1,538,52,0,1,none,0,0,Cellular,connected,0,Wi-Fi,-100,-100,-100,-100,24953345,24832,311,480,Verizon Wireless,LTE,1,unknown,0,0,connected,LTE Cat-M1,37.5,%,-13,RSRQ,dB,75.0,%,-85,RSRP,dBm,100.0,charged,VIN,3039892,222484,Protected,10807,41,10778,,ok
2025-11-08T16:01:53Z,MOD-X-00958,0,536,38,0,1,none,0,0,Cellular,connected,0,Wi-Fi,-100,-100,-100,-100,24953345,24832,311,480,Verizon Wireless,LTE,1,unknown,0,0,connected,LTE Cat-M1,33.33,%,-14,RSRQ,dB,72.5,%,-86,RSRP,dBm,100.0,charged,VIN,3039892,220244,Protected,7207,28,7178,,ok
2025-11-08T15:01:53Z,MOD-X-00958,0,480,24,0,1,none,0,0,Cellular,connected,0,Wi-Fi,-100,-100,-100,-100,24953345,24832,311,480,Verizon Wireless,LTE,1,unknown,0,0,connected,LTE Cat-M1,41.66,%,-12,RSRQ,dB,75.0,%,-85,RSRP,dBm,100.0,charged,VIN,3039892,215092,Protected,3606,15,3578,,ok
2025-11-08T06:16:37Z,MOD-X-00958,13,525,252,0,1,none,0,0,Cellular,connected,0,Wi-Fi,-100,-100,-100,-100,24953345,24832,311,480,Verizon Wireless,LTE,2,unknown,0,0,connected,LTE Cat-M1,41.66,%,-12,RSRQ,dB,72.5,%,-86,RSRP,dBm,100.0,charged,VIN,3039892,226356,Protected,54006,65,14647,,ok
2025-11-08T05:16:37Z,MOD-X-00958,10,467,235,0,1,none,0,0,Cellular,connected,0,Wi-Fi,-100,-100,-100,-100,24953345,24832,311,480,Verizon Wireless,LTE,2,unknown,0,0,connected,LTE Cat-M1,45.83,%,-11,RSRQ,dB,76.66,%,-84,RSRP,dBm,100.0,charged,VIN,3039892,230452,Protected,50406,49,11047,,ok
2025-11-08T04:16:37Z,MOD-X-00958,10,428,218,0,1,none,0,0,Cellular,connected,0,Wi-Fi,-100,-100,-100,-100,24953345,24832,311,480,Verizon Wireless,LTE,2,unknown,0,0,connected,LTE Cat-M1,41.66,%,-12,RSRQ,dB,75.0,%,-85,RSRP,dBm,100.0,charged,VIN,3039892,230260,Protected,46806,33,7447,,ok
2025-11-08T03:16:37Z,MOD-X-00958,10,550,202,0,1,none,0,0,Cellular,connected,0,Wi-Fi,-100,-100,-100,-100,24953345,24832,311,480,Verizon Wireless,LTE,2,unknown,0,0,connected,LTE Cat-M1,41.66,%,-12,RSRQ,dB,78.33,%,-83,RSRP,dBm,100.0,charged,VIN,3039892,230004,Protected,43206,18,3847,,ok
2025-11-08T02:16:37Z,MOD-X-00958,8,459,185,0,1,none,0,0,Cellular,connected,0,Wi-Fi,-100,-100,-100,-100,24953345,24832,311,480,Verizon Wireless,LTE,2,unknown,0,0,connected,LTE Cat-M1,41.66,%,-12,RSRQ,dB,75.0,%,-85,RSRP,dBm,100.0,charged,VIN,3039892,229844,Protected,39606,2,247,,ok
2025-11-08T01:16:37Z,MOD-X-00958,8,454,169,0,1,none,0,0,Cellular,connected,0,Wi-Fi,-100,-100,-100,-100,24953345,24832,311,480,Verizon Wireless,LTE,1,unknown,0,0,connected,LTE Cat-M1,37.5,%,-13,RSRQ,dB,75.0,%,-85,RSRP,dBm,100.0,charged,VIN,3039892,229748,Protected,36006,143,35993,468.0,ok
2025-11-08T00:16:37Z,MOD-X-00958,8,575,153,0,1,none,0,0,Cellular,connected,0,Wi-Fi,-100,-100,-100,-100,24953345,24832,311,480,Verizon Wireless,LTE,1,unknown,0,0,connected,LTE Cat-M1,41.66,%,-12,RSRQ,dB,76.66,%,-84,RSRP,dBm,100.0,charged,VIN,3039892,228948,Protected,32406,128,32393,468.0,ok
2025-11-07T23:16:37Z,MOD-X-00958,8,2058,138,0,1,none,0,0,Cellular,connected,0,Wi-Fi,-100,-100,-100,-100,24953345,24832,311,480,Verizon Wireless,LTE,1,unknown,0,0,connected,LTE Cat-M1,45.83,%,-11,RSRQ,dB,80.0,%,-82,RSRP,dBm,100.0,charged,VIN,3039892,228468,Protected,28806,114,28793,468.0,ok
2025-11-07T22:16:37Z,MOD-X-00958,8,575,122,0,1,none,0,0,Cellular,connected,0,Wi-Fi,-100,-100,-100,-100,24953345,24832,311,480,Verizon Wireless,LTE,1,unknown,0,0,connected,LTE Cat-M1,41.66,%,-12,RSRQ,dB,76.66,%,-84,RSRP,dBm,100.0,charged,VIN,3039892,227604,Protected,25206,99,25193,468.0,ok
2025-11-07T21:16:37Z,MOD-X-00958,8,810,107,0,1,none,0,0,Cellular,connected,0,Wi-Fi,-100,-100,-100,-100,24953345,24832,311,480,Verizon Wireless,LTE,1,unknown,0,0,connected,LTE Cat-M1,33.33,%,-14,RSRQ,dB,75.0,%,-85,RSRP,dBm,100.0,charged,VIN,3039892,227060,Protected,21606,85,21593,468.0,ok
2025-11-07T20:16:37Z,MOD-X-00958,5,481,92,0,1,none,0,0,Cellular,connected,0,Wi-Fi,-100,-100,-100,-100,24953345,24832,311,480,Verizon Wireless,LTE,1,unknown,0,0,connected,LTE Cat-M1,45.83,%,-11,RSRQ,dB,80.0,%,-82,RSRP,dBm,100.0,charged,VIN,3039892,225876,Protected,18006,71,17993,468.0,ok
2025-11-07T19:16:42Z,MOD-X-00958,3,521,76,0,1,none,0,0,Cellular,connected,0,Wi-Fi,-100,-100,-100,-100,24953345,24832,311,480,Verizon Wireless,LTE,1,unknown,0,0,connected,LTE Cat-M1,37.5,%,-13,RSRQ,dB,76.66,%,-84,RSRP,dBm,100.0,charged,VIN,3039892,223860,Protected,14406,56,14398,468.0,ok
2025-11-07T18:16:38Z,MOD-X-00958,2,419,61,0,1,none,0,0,Cellular,connected,0,Wi-Fi,-100,-100,-100,-100,24953345,24832,311,480,Verizon Wireless,LTE,1,unknown,0,0,connected,LTE Cat-M1,41.66,%,-12,RSRQ,dB,78.33,%,-83,RSRP,dBm,100.0,charged,VIN,3039892,222388,Protected,10806,42,10794,468.0,ok
2025-11-07T17:16:42Z,MOD-X-00958,1,562,46,0,1,none,0,0,Cellular,connected,0,Wi-Fi,-100,-100,-100,-100,24953345,24832,311,480,Verizon Wireless,LTE,1,unknown,0,0,connected,LTE Cat-M1,33.33,%,-14,RSRQ,dB,75.0,%,-85,RSRP,dBm,100.0,charged,VIN,3039892,222452,Protected,7206,28,7198,468.0,ok
2025-11-07T16:16:42Z,MOD-X-00958,0,399,32,0,1,none,0,0,Cellular,connected,0,Wi-Fi,-100,-100,-100,-100,24953345,24832,311,480,Verizon Wireless,LTE,1,unknown,0,0,connected,LTE Cat-M1,37.5,%,-13,RSRQ,dB,75.0,%,-85,RSRP,dBm,100.0,charged,VIN,3039892,221684,Protected,3606,15,3598,468.0,ok
2025-11-07T15:16:46Z,MOD-X-00958,0,1247,10,0,1,none,0,0,Cellular,connecting,0,Wi-Fi,-100,-100,-100,-100,24953345,24832,311,480,Verizon Wireless,LTE,1,unknown,0,0,connected,LTE Cat-M1,25.0,%,-16,RSRQ,dB,75.0,%,-85,RSRP,dBm,100.0,charging,VIN,3039892,215060,Protected,15,2,2,468.0,ok
2025-11-06T21:30:18Z,MOD-X-00958,2,577,122,0,1,none,0,0,Cellular,connected,0,Wi-Fi,-100,-100,-100,-100,24912898,24832,311,480,Verizon Wireless,LTE,1,unknown,0,0,connected,LTE Cat-M1,50.0,%,-10,RSRQ,dB,83.33,%,-80,RSRP,dBm,100.0,charged,VIN,3039892,224724,Protected,28807,106,28790,,ok
2025-11-06T20:30:19Z,MOD-X-00958,2,480,107,0,1,none,0,0,Cellular,connected,0,Wi-Fi,-100,-100,-100,-100,24912898,24832,311,480,Verizon Wireless,LTE,1,unknown,0,0,connected,LTE Cat-M1,45.83,%,-11,RSRQ,dB,80.0,%,-82,RSRP,dBm,100.0,charged,VIN,3039892,224116,Protected,25207,92,25190,,ok
2025-11-06T19:30:19Z,MOD-X-00958,2,493,93,0,1,none,0,0,Cellular,connected,0,Wi-Fi,-100,-100,-100,-100,24912898,24832,311,480,Verizon Wireless,LTE,1,unknown,0,0,connected,LTE Cat-M1,50.0,%,-10,RSRQ,dB,86.66,%,-78,RSRP,dBm,100.0,charged,VIN,3039892,223412,Protected,21607,79,21591,,ok
2025-11-06T18:30:18Z,MOD-X-00958,2,542,79,0,1,none,0,0,Cellular,connected,0,Wi-Fi,-100,-100,-100,-100,24912898,24832,311,480,Verizon Wireless,LTE,1,unknown,0,0,connected,LTE Cat-M1,45.83,%,-11,RSRQ,dB,83.33,%,-80,RSRP,dBm,100.0,charged,VIN,3039892,222900,Protected,18007,66,17990,,ok
2025-11-06T17:30:18Z,MOD-X-00958,2,444,65,0,1,none,0,0,Cellular,connected,0,Wi-Fi,-100,-100,-100,-100,24912898,24832,311,480,Verizon Wireless,LTE,1,unknown,0,0,connected,LTE Cat-M1,45.83,%,-11,RSRQ,dB,85.0,%,-79,RSRP,dBm,100.0,charged,VIN,3039892,222260,Protected,14407,53,14390,,ok
2025-11-06T16:30:18Z,MOD-X-00958,1,748,51,0,1,none,0,0,Cellular,connected,0,Wi-Fi,-100,-100,-100,-100,24912898,24832,311,480,Verizon Wireless,LTE,1,unknown,0,0,connected,LTE Cat-M1,45.83,%,-11,RSRQ,dB,85.0,%,-79,RSRP,dBm,100.0,charged,VIN,3039892,221844,Protected,10807,40,10790,,ok
2025-11-06T15:30:19Z,MOD-X-00958,1,452,37,0,1,none,0,0,Cellular,connected,0,Wi-Fi,-100,-100,-100,-100,24912898,24832,311,480,Verizon Wireless,LTE,1,unknown,0,0,connected,LTE Cat-M1,29.16,%,-15,RSRQ,dB,85.0,%,-79,RSRP,dBm,100.0,charged,VIN,3039892,221044,Protected,7206,27,7190,,ok
2025-11-06T14:30:18Z,MOD-X-00958,0,464,23,0,1,none,0,0,Cellular,connected,0,Wi-Fi,-100,-100,-100,-100,24912898,24832,311,480,Verizon Wireless,LTE,1,unknown,0,0,connected,LTE Cat-M1,45.83,%,-11,RSRQ,dB,81.66,%,-81,RSRP,dBm,100.0,charged,VIN,3039892,219476,Protected,3606,14,3590,,ok
2025-11-05T21:03:13Z,MOD-X-00958,3,525,107,0,1,none,0,0,Cellular,connected,0,Wi-Fi,-100,-100,-100,-100,24912898,24832,311,480,Verizon Wireless,LTE,1,unknown,0,0,connected,LTE Cat-M1,41.66,%,-12,RSRQ,dB,83.33,%,-80,RSRP,dBm,100.0,charged,VIN,3039892,226420,Protected,25207,92,25196,,ok
2025-11-05T20:03:07Z,MOD-X-00958,3,492,93,0,1,none,0,0,Cellular,connected,0,Wi-Fi,-100,-100,-100,-100,24912898,24832,311,480,Verizon Wireless,LTE,1,unknown,0,0,connected,LTE Cat-M1,41.66,%,-12,RSRQ,dB,81.66,%,-81,RSRP,dBm,100.0,charged,VIN,3039892,225428,Protected,21607,79,21590,,ok
2025-11-05T19:03:07Z,MOD-X-00958,1,597,79,0,1,none,0,0,Cellular,connected,0,Wi-Fi,-100,-100,-100,-100,24912898,24832,311,480,Verizon Wireless,LTE,1,unknown,0,0,connected,LTE Cat-M1,37.5,%,-13,RSRQ,dB,80.0,%,-82,RSRP,dBm,100.0,charged,VIN,3039892,224340,Protected,18007,66,17990,,ok
2025-11-05T18:03:07Z,MOD-X-00958,1,471,65,0,1,none,0,0,Cellular,connected,0,Wi-Fi,-100,-100,-100,-100,24912898,24832,311,480,Verizon Wireless,LTE,1,unknown,0,0,connected,LTE Cat-M1,37.5,%,-13,RSRQ,dB,80.0,%,-82,RSRP,dBm,100.0,charged,VIN,3039892,223156,Protected,14407,53,14390,,ok
2025-11-05T17:03:07Z,MOD-X-00958,1,438,51,0,1,none,0,0,Cellular,connected,0,Wi-Fi,-100,-100,-100,-100,24912898,24832,311,480,Verizon Wireless,LTE,1,unknown,0,0,connected,LTE Cat-M1,33.33,%,-14,RSRQ,dB,78.33,%,-83,RSRP,dBm,100.0,charged,VIN,3039892,222580,Protected,10807,40,10790,,ok
2025-11-05T16:03:07Z,MOD-X-00958,1,163,38,0,1,none,0,0,Cellular,connected,0,Wi-Fi,-100,-100,-100,-100,24912898,24832,311,480,Verizon Wireless,LTE,1,unknown,0,0,connected,LTE Cat-M1,41.66,%,-12,RSRQ,dB,81.66,%,-81,RSRP,dBm,100.0,charged,VIN,3039892,219732,Protected,7207,28,7190,,ok
2025-11-05T15:03:07Z,MOD-X-00958,0,153,24,0,1,none,0,0,Cellular,connected,0,Wi-Fi,-100,-100,-100,-100,24912898,24832,311,480,Verizon Wireless,LTE,1,unknown,0,0,connected,LTE Cat-M1,41.66,%,-12,RSRQ,dB,83.33,%,-80,RSRP,dBm,100.0,charged,VIN,3039892,219572,Protected,3606,15,3590,,ok
2025-11-04T22:53:09Z,MOD-X-00958,4,472,141,0,1,none,0,0,Cellular,connected,0,Wi-Fi,-100,-100,-100,-100,24912898,24832,311,480,Verizon Wireless,LTE,1,unknown,0,0,connected,LTE Cat-M1,41.66,%,-12,RSRQ,dB,81.66,%,-81,RSRP,dBm,100.0,charged,VIN,3039892,224820,Protected,32406,118,32393,,ok
2025-11-04T21:53:09Z,MOD-X-00958,4,377,127,0,1,none,0,0,Cellular,connected,0,Wi-Fi,-100,-100,-100,-100,24912898,24832,311,480,Verizon Wireless,LTE,1,unknown,0,0,connected,LTE Cat-M1,41.66,%,-12,RSRQ,dB,81.66,%,-81,RSRP,dBm,100.0,charged,VIN,3039892,224532,Protected,28806,105,28793,,ok
2025-11-04T20:53:09Z,MOD-X-00958,4,487,113,0,1,none,0,0,Cellular,connected,0,Wi-Fi,-100,-100,-100,-100,24912898,24832,311,480,Verizon Wireless,LTE,1,unknown,0,0,connected,LTE Cat-M1,37.5,%,-13,RSRQ,dB,81.66,%,-81,RSRP,dBm,100.0,charged,VIN,3039892,223668,Protected,25206,92,25193,,ok
2025-11-04T19:53:10Z,MOD-X-00958,2,525,99,0,1,none,0,0,Cellular,connected,0,Wi-Fi,-100,-100,-100,-100,24912898,24832,311,480,Verizon Wireless,LTE,1,unknown,0,0,connected,LTE Cat-M1,50.0,%,-10,RSRQ,dB,81.66,%,-81,RSRP,dBm,100.0,charged,VIN,3039892,222996,Protected,21606,79,21593,,ok
2025-11-04T18:53:10Z,MOD-X-00958,2,540,85,0,1,none,0,0,Cellular,connected,0,Wi-Fi,-100,-100,-100,-100,24912898,24832,311,480,Verizon Wireless,LTE,1,unknown,0,0,connected,LTE Cat-M1,50.0,%,-10,RSRQ,dB,81.66,%,-81,RSRP,dBm,100.0,charged,VIN,3039892,222580,Protected,18006,66,17993,,ok
2025-11-04T17:53:10Z,MOD-X-00958,2,471,71,0,1,none,0,0,Cellular,connected,0,Wi-Fi,-100,-100,-100,-100,24912898,24832,311,480,Verizon Wireless,LTE,1,unknown,0,0,connected,LTE Cat-M1,45.83,%,-11,RSRQ,dB,83.33,%,-80,RSRP,dBm,100.0,charged,VIN,3039892,221908,Protected,14406,53,14393,,ok
2025-11-04T16:53:10Z,MOD-X-00958,2,488,57,0,1,none,0,0,Cellular,connected,0,Wi-Fi,-100,-100,-100,-100,24912898,24832,311,480,Verizon Wireless,LTE,1,unknown,0,0,connected,LTE Cat-M1,50.0,%,-10,RSRQ,dB,85.0,%,-79,RSRP,dBm,100.0,charged,VIN,3039892,220724,Protected,10806,40,10793,,ok
2025-11-04T15:53:10Z,MOD-X-00958,1,415,43,0,1,none,0,0,Cellular,connected,0,Wi-Fi,-100,-100,-100,-100,24912898,24832,311,480,Verizon Wireless,LTE,1,unknown,0,0,connected,LTE Cat-M1,50.0,%,-10,RSRQ,dB,85.0,%,-79,RSRP,dBm,100.0,charged,VIN,3039892,218900,Protected,7206,27,7193,,ok
2025-11-04T14:53:10Z,MOD-X-00958,1,462,29,0,1,none,0,0,Cellular,connected,0,Wi-Fi,-100,-100,-100,-100,24912898,24832,311,480,Verizon Wireless,LTE,1,unknown,0,0,connected,LTE Cat-M1,50.0,%,-10,RSRQ,dB,86.66,%,-78,RSRP,dBm,100.0,charging,VIN,3039892,218836,Protected,3606,14,3593,,ok
2025-11-03T20:51:05Z,MOD-X-00958,4,470,53,0,1,none,0,0,Cellular,connected,0,Wi-Fi,-100,-100,-100,-100,24912898,24832,311,480,Verizon Wireless,LTE,1,unknown,0,0,connected,LTE Cat-M1,45.83,%,-11,RSRQ,dB,86.66,%,-78,RSRP,dBm,100.0,charged,VIN,3039892,222900,Protected,10807,42,10793,,ok
2025-11-03T19:51:00Z,MOD-X-00958,2,173,39,0,1,none,0,0,Cellular,connected,0,Wi-Fi,-100,-100,-100,-100,24912898,24832,311,480,Verizon Wireless,LTE,1,unknown,0,0,connected,LTE Cat-M1,45.83,%,-11,RSRQ,dB,85.0,%,-79,RSRP,dBm,100.0,charged,VIN,3039892,220820,Protected,7206,29,7188,,ok
2025-11-03T18:51:17Z,MOD-X-00958,0,471,24,0,1,none,0,0,Cellular,connected,0,Wi-Fi,-100,-100,-100,-100,24912898,24832,311,480,Verizon Wireless,LTE,1,unknown,0,0,connected,LTE Cat-M1,62.5,%,-9,RSRQ,dB,88.33,%,-77,RSRP,dBm,100.0,charged,VIN,3039892,220404,Protected,3606,15,3605,,ok
2025-11-03T16:41:08Z,MOD-X-00958,16,489,631,0,1,none,0,0,Cellular,connected,0,Wi-Fi,-100,-100,-100,-100,24912898,24832,311,480,Verizon Wireless,LTE,1,unknown,0,0,connected,LTE Cat-M1,50.0,%,-10,RSRQ,dB,90.0,%,-76,RSRP,dBm,100.0,charged,VIN,3039892,238900,Protected,154808,580,154785,,ok
2025-11-03T15:41:08Z,MOD-X-00958,16,510,614,0,1,none,0,0,Cellular,connected,0,Wi-Fi,-100,-100,-100,-100,24912898,24832,311,480,Verizon Wireless,LTE,1,unknown,0,0,connected,LTE Cat-M1,50.0,%,-10,RSRQ,dB,88.33,%,-77,RSRP,dBm,100.0,charged,VIN,3039892,237972,Protected,151208,564,151185,,ok
2025-11-03T14:41:08Z,MOD-X-00958,16,488,597,0,1,none,0,0,Cellular,connected,0,Wi-Fi,-100,-100,-100,-100,24912898,24832,311,480,Verizon Wireless,LTE,1,unknown,0,0,connected,LTE Cat-M1,62.5,%,-9,RSRQ,dB,86.66,%,-78,RSRP,dBm,100.0,charged,VIN,3039892,237556,Protected,147608,548,147585,,ok
2025-11-03T13:41:08Z,MOD-X-00958,14,521,581,0,1,none,0,0,Cellular,connected,0,Wi-Fi,-100,-100,-100,-100,24912898,24832,311,480,Verizon Wireless,LTE,1,unknown,0,0,connected,LTE Cat-M1,50.0,%,-10,RSRQ,dB,88.33,%,-77,RSRP,dBm,100.0,charged,VIN,3039892,237588,Protected,144008,533,143985,,ok
2025-11-03T12:41:08Z,MOD-X-00958,14,529,567,0,1,none,0,0,Cellular,connected,0,Wi-Fi,-100,-100,-100,-100,24912898,24832,311,480,Verizon Wireless,LTE,1,unknown,0,0,connected,LTE Cat-M1,45.83,%,-11,RSRQ,dB,88.33,%,-77,RSRP,dBm,100.0,charged,VIN,3039892,239156,Protected,140408,520,140385,,ok
2025-11-03T11:41:07Z,MOD-X-00958,14,472,551,0,1,none,0,0,Cellular,connected,0,Wi-Fi,-100,-100,-100,-100,24912898,24832,311,480,Verizon Wireless,LTE,1,unknown,0,0,connected,LTE Cat-M1,50.0,%,-10,RSRQ,dB,88.33,%,-77,RSRP,dBm,100.0,charged,VIN,3039892,238836,Protected,136808,505,136785,,ok
2025-11-03T10:41:07Z,MOD-X-00958,13,546,537,0,1,none,0,0,Cellular,connected,0,Wi-Fi,-100,-100,-100,-100,24912898,24832,311,480,Verizon Wireless,LTE,1,unknown,0,0,connected,LTE Cat-M1,62.5,%,-9,RSRQ,dB,90.0,%,-76,RSRP,dBm,100.0,charged,VIN,3039892,237652,Protected,133208,491,133185,,ok
2025-11-03T09:41:13Z,MOD-X-00958,12,512,523,0,1,none,0,0,Cellular,connected,0,Wi-Fi,-100,-100,-100,-100,24912898,24832,311,480,Verizon Wireless,LTE,1,unknown,0,0,connected,LTE Cat-M1,50.0,%,-10,RSRQ,dB,86.66,%,-78,RSRP,dBm,100.0,charged,VIN,3039892,235188,Protected,129608,479,129590,,ok
2025-11-03T08:41:13Z,MOD-X-00958,11,487,507,0,1,none,0,0,Cellular,connected,0,Wi-Fi,-100,-100,-100,-100,24912898,24832,311,480,Verizon Wireless,LTE,1,unknown,0,0,connected,LTE Cat-M1,45.83,%,-11,RSRQ,dB,85.0,%,-79,RSRP,dBm,100.0,charged,VIN,3039892,234836,Protected,126008,464,125990,,ok
2025-11-03T07:41:08Z,MOD-X-00958,11,508,493,0,1,none,0,0,Cellular,connected,0,Wi-Fi,-100,-100,-100,-100,24912898,24832,311,480,Verizon Wireless,LTE,1,unknown,0,0,connected,LTE Cat-M1,50.0,%,-10,RSRQ,dB,88.33,%,-77,RSRP,dBm,100.0,charged,VIN,3039892,234612,Protected,122408,451,122385,,ok
2025-11-03T06:41:07Z,MOD-X-00958,11,520,479,0,1,none,0,0,Cellular,connected,0,Wi-Fi,-100,-100,-100,-100,24912898,24832,311,480,Verizon Wireless,LTE,1,unknown,0,0,connected,LTE Cat-M1,50.0,%,-10,RSRQ,dB,86.66,%,-78,RSRP,dBm,100.0,charged,VIN,3039892,234356,Protected,118808,438,118784,,ok
2025-11-03T05:41:07Z,MOD-X-00958,11,391,464,0,1,none,0,0,Cellular,connected,0,Wi-Fi,-100,-100,-100,-100,24953345,24832,311,480,Verizon Wireless,LTE,1,unknown,0,0,connected,LTE Cat-M1,33.33,%,-14,RSRQ,dB,78.33,%,-83,RSRP,dBm,100.0,charged,VIN,3039892,234772,Protected,115208,424,115184,,ok
2025-11-03T04:41:12Z,MOD-X-00958,10,507,448,0,1,none,0,0,Cellular,connected,0,Wi-Fi,-100,-100,-100,-100,24953345,24832,311,480,Verizon Wireless,LTE,1,unknown,0,0,connected,LTE Cat-M1,41.66,%,-12,RSRQ,dB,81.66,%,-81,RSRP,dBm,100.0,charged,VIN,3039892,234132,Protected,111608,409,111589,,ok
2025-11-03T03:41:07Z,MOD-X-00958,9,485,433,0,1,none,0,0,Cellular,connected,0,Wi-Fi,-100,-100,-100,-100,24953345,24832,311,480,Verizon Wireless,LTE,1,unknown,0,0,connected,LTE Cat-M1,41.66,%,-12,RSRQ,dB,81.66,%,-81,RSRP,dBm,100.0,charged,VIN,3039892,233396,Protected,108007,395,107984,,ok
2025-11-03T02:41:07Z,MOD-X-00958,8,397,418,0,1,none,0,0,Cellular,connected,0,Wi-Fi,-100,-100,-100,-100,24953345,24832,311,480,Verizon Wireless,LTE,1,unknown,0,0,connected,LTE Cat-M1,41.66,%,-12,RSRQ,dB,83.33,%,-80,RSRP,dBm,100.0,charged,VIN,3039892,232756,Protected,104407,381,104384,,ok
2025-11-03T01:41:07Z,MOD-X-00958,8,481,403,0,1,none,0,0,Cellular,connected,0,Wi-Fi,-100,-100,-100,-100,24953345,24832,311,480,Verizon Wireless,LTE,1,unknown,0,0,connected,LTE Cat-M1,45.83,%,-11,RSRQ,dB,85.0,%,-79,RSRP,dBm,100.0,charged,VIN,3039892,234644,Protected,100807,367,100784,,ok
2025-11-03T00:41:07Z,MOD-X-00958,8,516,389,0,1,none,0,0,Cellular,connected,0,Wi-Fi,-100,-100,-100,-100,24953345,24832,311,480,Verizon Wireless,LTE,1,unknown,0,0,connected,LTE Cat-M1,41.66,%,-12,RSRQ,dB,83.33,%,-80,RSRP,dBm,100.0,charged,VIN,3039892,232852,Protected,97207,354,97184,,ok
2025-11-02T23:41:07Z,MOD-X-00958,8,524,375,0,1,none,0,0,Cellular,connected,0,Wi-Fi,-100,-100,-100,-100,24953345,24832,311,480,Verizon Wireless,LTE,1,unknown,0,0,connected,LTE Cat-M1,33.33,%,-14,RSRQ,dB,80.0,%,-82,RSRP,dBm,100.0,charged,VIN,3039892,232276,Protected,93607,341,93584,,ok
2025-11-02T22:41:07Z,MOD-X-00958,8,555,360,0,1,none,0,0,Cellular,connected,0,Wi-Fi,-100,-100,-100,-100,24953345,24832,311,480,Verizon Wireless,LTE,1,unknown,0,0,connected,LTE Cat-M1,41.66,%,-12,RSRQ,dB,83.33,%,-80,RSRP,dBm,100.0,charged,VIN,3039892,231988,Protected,90007,327,89984,,ok
2025-11-02T21:41:07Z,MOD-X-00958,8,543,346,0,1,none,0,0,Cellular,connected,0,Wi-Fi,-100,-100,-100,-100,24953345,24832,311,480,Verizon Wireless,LTE,1,unknown,0,0,connected,LTE Cat-M1,41.66,%,-12,RSRQ,dB,81.66,%,-81,RSRP,dBm,100.0,charged,VIN,3039892,231540,Protected,86407,314,86384,,ok
2025-11-02T20:41:07Z,MOD-X-00958,6,492,332,0,1,none,0,0,Cellular,connected,0,Wi-Fi,-100,-100,-100,-100,24953345,24832,311,480,Verizon Wireless,LTE,1,unknown,0,0,connected,LTE Cat-M1,41.66,%,-12,RSRQ,dB,80.0,%,-82,RSRP,dBm,100.0,charged,VIN,3039892,230644,Protected,82807,301,82784,,ok
2025-11-02T19:41:07Z,MOD-X-00958,6,529,318,0,1,none,0,0,Cellular,connected,0,Wi-Fi,-100,-100,-100,-100,24953345,24832,311,480,Verizon Wireless,LTE,1,unknown,0,0,connected,LTE Cat-M1,45.83,%,-11,RSRQ,dB,81.66,%,-81,RSRP,dBm,100.0,charged,VIN,3039892,228980,Protected,79207,288,79184,,ok
2025-11-02T18:41:07Z,MOD-X-00958,6,772,304,0,1,none,0,0,Cellular,connected,0,Wi-Fi,-100,-100,-100,-100,24912898,24832,311,480,Verizon Wireless,LTE,1,unknown,0,0,connected,LTE Cat-M1,33.33,%,-14,RSRQ,dB,81.66,%,-81,RSRP,dBm,100.0,charged,VIN,3039892,229364,Protected,75607,275,75584,,ok
2025-11-02T17:41:07Z,MOD-X-00958,6,465,290,0,1,none,0,0,Cellular,connected,0,Wi-Fi,-100,-100,-100,-100,24912898,24832,311,480,Verizon Wireless,LTE,1,unknown,0,0,connected,LTE Cat-M1,37.5,%,-13,RSRQ,dB,80.0,%,-82,RSRP,dBm,100.0,charged,VIN,3039892,228756,Protected,72007,262,71984,,ok
2025-11-02T16:41:07Z,MOD-X-00958,5,505,276,0,1,none,0,0,Cellular,connected,0,Wi-Fi,-100,-100,-100,-100,24912898,24832,311,480,Verizon Wireless,LTE,1,unknown,0,0,connected,LTE Cat-M1,45.83,%,-11,RSRQ,dB,86.66,%,-78,RSRP,dBm,100.0,charged,VIN,3039892,222740,Protected,68407,249,68384,,ok
2025-11-02T15:41:07Z,MOD-X-00958,5,394,262,0,1,none,0,0,Cellular,connected,0,Wi-Fi,-100,-100,-100,-100,24912898,24832,311,480,Verizon Wireless,LTE,1,unknown,0,0,connected,LTE Cat-M1,41.66,%,-12,RSRQ,dB,85.0,%,-79,RSRP,dBm,100.0,charged,VIN,3039892,227444,Protected,64807,236,64784,,ok
2025-11-02T14:41:07Z,MOD-X-00958,5,505,248,0,1,none,0,0,Cellular,connected,0,Wi-Fi,-100,-100,-100,-100,24912898,24832,311,480,Verizon Wireless,LTE,1,unknown,0,0,connected,LTE Cat-M1,37.5,%,-13,RSRQ,dB,83.33,%,-80,RSRP,dBm,100.0,charged,VIN,3039892,226740,Protected,61207,223,61184,,ok
2025-11-02T13:41:07Z,MOD-X-00958,5,537,234,0,1,none,0,0,Cellular,connected,0,Wi-Fi,-100,-100,-100,-100,24912898,24832,311,480,Verizon Wireless,LTE,1,unknown,0,0,connected,LTE Cat-M1,45.83,%,-11,RSRQ,dB,88.33,%,-77,RSRP,dBm,100.0,charged,VIN,3039892,225652,Protected,57607,210,57584,,ok
2025-11-02T12:41:07Z,MOD-X-00958,5,514,220,0,1,none,0,0,Cellular,connected,0,Wi-Fi,-100,-100,-100,-100,24912898,24832,311,480,Verizon Wireless,LTE,1,unknown,0,0,connected,LTE Cat-M1,45.83,%,-11,RSRQ,dB,90.0,%,-76,RSRP,dBm,100.0,charged,VIN,3039892,226260,Protected,54007,197,53984,,ok
2025-11-02T11:41:07Z,MOD-X-00958,5,463,206,0,1,none,0,0,Cellular,connected,0,Wi-Fi,-100,-100,-100,-100,24912898,24832,311,480,Verizon Wireless,LTE,1,unknown,0,0,connected,LTE Cat-M1,45.83,%,-11,RSRQ,dB,88.33,%,-77,RSRP,dBm,100.0,charged,VIN,3039892,225396,Protected,50407,184,50384,,ok
2025-11-02T10:41:07Z,MOD-X-00958,4,478,192,0,1,none,0,0,Cellular,connected,0,Wi-Fi,-100,-100,-100,-100,24912898,24832,311,480,Verizon Wireless,LTE,1,unknown,0,0,connected,LTE Cat-M1,41.66,%,-12,RSRQ,dB,83.33,%,-80,RSRP,dBm,100.0,charged,VIN,3039892,225108,Protected,46807,171,46784,,ok
2025-11-02T09:41:07Z,MOD-X-00958,4,511,178,0,1,none,0,0,Cellular,connected,0,Wi-Fi,-100,-100,-100,-100,24912898,24832,311,480,Verizon Wireless,LTE,1,unknown,0,0,connected,LTE Cat-M1,41.66,%,-12,RSRQ,dB,85.0,%,-79,RSRP,dBm,100.0,charged,VIN,3039892,225076,Protected,43207,158,43184,,ok
2025-11-02T08:41:07Z,MOD-X-00958,4,471,164,0,1,none,0,0,Cellular,connected,0,Wi-Fi,-100,-100,-100,-100,24912898,24832,311,480,Verizon Wireless,LTE,1,unknown,0,0,connected,LTE Cat-M1,45.83,%,-11,RSRQ,dB,88.33,%,-77,RSRP,dBm,100.0,charged,VIN,3039892,224628,Protected,39607,145,39584,,ok
2025-11-02T07:41:07Z,MOD-X-00958,4,529,150,0,1,none,0,0,Cellular,connected,0,Wi-Fi,-100,-100,-100,-100,24912898,24832,311,480,Verizon Wireless,LTE,1,unknown,0,0,connected,LTE Cat-M1,45.83,%,-11,RSRQ,dB,86.66,%,-78,RSRP,dBm,100.0,charged,VIN,3039892,224436,Protected,36007,132,35984,,ok
2025-11-02T06:41:07Z,MOD-X-00958,4,2090,136,0,1,none,0,0,Cellular,connected,0,Wi-Fi,-100,-100,-100,-100,24912898,24832,311,480,Verizon Wireless,LTE,1,unknown,0,0,connected,LTE Cat-M1,50.0,%,-10,RSRQ,dB,85.0,%,-79,RSRP,dBm,100.0,charged,VIN,3039892,223636,Protected,32407,119,32384,,ok
2025-11-02T05:41:07Z,MOD-X-00958,4,454,122,0,1,none,0,0,Cellular,connected,0,Wi-Fi,-100,-100,-100,-100,24912898,24832,311,480,Verizon Wireless,LTE,1,unknown,0,0,connected,LTE Cat-M1,37.5,%,-13,RSRQ,dB,81.66,%,-81,RSRP,dBm,100.0,charged,VIN,3039892,222228,Protected,28807,106,28784,,ok
2025-11-02T04:41:07Z,MOD-X-00958,4,489,108,0,1,none,0,0,Cellular,connected,0,Wi-Fi,-100,-100,-100,-100,24912898,24832,311,480,Verizon Wireless,LTE,1,unknown,0,0,connected,LTE Cat-M1,45.83,%,-11,RSRQ,dB,85.0,%,-79,RSRP,dBm,100.0,charged,VIN,3039892,222324,Protected,25207,93,25184,,ok
2025-11-02T03:41:07Z,MOD-X-00958,2,510,94,0,1,none,0,0,Cellular,connected,0,Wi-Fi,-100,-100,-100,-100,24912898,24832,311,480,Verizon Wireless,LTE,1,unknown,0,0,connected,LTE Cat-M1,45.83,%,-11,RSRQ,dB,86.66,%,-78,RSRP,dBm,100.0,charged,VIN,3039892,222132,Protected,21607,80,21584,,ok
2025-11-02T02:41:07Z,MOD-X-00958,2,542,80,0,1,none,0,0,Cellular,connected,0,Wi-Fi,-100,-100,-100,-100,24953345,24832,311,480,Verizon Wireless,LTE,1,unknown,0,0,connected,LTE Cat-M1,37.5,%,-13,RSRQ,dB,81.66,%,-81,RSRP,dBm,100.0,charged,VIN,3039892,221908,Protected,18007,67,17984,,ok
2025-11-02T01:41:11Z,MOD-X-00958,1,469,66,0,1,none,0,0,Cellular,connected,0,Wi-Fi,-100,-100,-100,-100,24953345,24832,311,480,Verizon Wireless,LTE,1,unknown,0,0,connected,LTE Cat-M1,37.5,%,-13,RSRQ,dB,83.33,%,-80,RSRP,dBm,100.0,charged,VIN,3039892,221812,Protected,14407,54,14389,,ok
2025-11-02T00:41:07Z,MOD-X-00958,1,438,51,0,1,none,0,0,Cellular,connected,0,Wi-Fi,-100,-100,-100,-100,24953345,24832,311,480,Verizon Wireless,LTE,1,unknown,0,0,connected,LTE Cat-M1,33.33,%,-14,RSRQ,dB,80.0,%,-82,RSRP,dBm,100.0,charged,VIN,3039892,221396,Protected,10806,40,10784,,ok
2025-11-01T23:41:07Z,MOD-X-00958,0,503,37,0,1,none,0,0,Cellular,connected,0,Wi-Fi,-100,-100,-100,-100,24953345,24832,311,480,Verizon Wireless,LTE,1,unknown,0,0,connected,LTE Cat-M1,37.5,%,-13,RSRQ,dB,78.33,%,-83,RSRP,dBm,100.0,charged,VIN,3039892,219860,Protected,7206,27,7184,,ok
2025-11-01T22:41:07Z,MOD-X-00958,0,448,23,0,1,none,0,0,Cellular,connected,0,Wi-Fi,-100,-100,-100,-100,24953345,24832,311,480,Verizon Wireless,LTE,1,unknown,0,0,connected,LTE Cat-M1,37.5,%,-13,RSRQ,dB,80.0,%,-82,RSRP,dBm,100.0,charged,VIN,3039892,219604,Protected,3606,14,3584,,ok
2025-11-01T21:03:41Z,MOD-X-00958,4,4373,129,0,1,none,0,0,Cellular,connected,0,Wi-Fi,-100,-100,-100,-100,24912898,24832,311,480,Verizon Wireless,LTE,1,unknown,0,0,connected,LTE Cat-M1,50.0,%,-10,RSRQ,dB,86.66,%,-78,RSRP,dBm,100.0,charged,VIN,3039892,224660,Protected,28806,105,28794,410.0,ok
2025-11-01T20:03:41Z,MOD-X-00958,3,474,115,0,1,none,0,0,Cellular,connected,0,Wi-Fi,-100,-100,-100,-100,24912898,24832,311,480,Verizon Wireless,LTE,1,unknown,0,0,connected,LTE Cat-M1,62.5,%,-9,RSRQ,dB,86.66,%,-78,RSRP,dBm,100.0,charged,VIN,3039892,223956,Protected,25206,92,25195,410.0,ok
2025-11-01T19:03:41Z,MOD-X-00958,3,489,101,0,1,none,0,0,Cellular,connected,0,Wi-Fi,-100,-100,-100,-100,24912898,24832,311,480,Verizon Wireless,LTE,1,unknown,0,0,connected,LTE Cat-M1,62.5,%,-9,RSRQ,dB,86.66,%,-78,RSRP,dBm,100.0,charged,VIN,3039892,223444,Protected,21606,79,21595,410.0,ok
2025-11-01T18:03:41Z,MOD-X-00958,2,483,87,0,1,none,0,0,Cellular,connected,0,Wi-Fi,-100,-100,-100,-100,24912898,24832,311,480,Verizon Wireless,LTE,1,unknown,0,0,connected,LTE Cat-M1,62.5,%,-9,RSRQ,dB,88.33,%,-77,RSRP,dBm,100.0,charged,VIN,3039892,221556,Protected,18006,66,17995,410.0,ok
2025-11-01T17:03:42Z,MOD-X-00958,1,518,73,0,1,none,0,0,Cellular,connected,0,Wi-Fi,-100,-100,-100,-100,24912898,24832,311,480,Verizon Wireless,LTE,1,unknown,0,0,connected,LTE Cat-M1,62.5,%,-9,RSRQ,dB,85.0,%,-79,RSRP,dBm,100.0,charged,VIN,3039892,221172,Protected,14406,53,14395,410.0,ok
2025-11-01T16:03:47Z,MOD-X-00958,0,502,59,0,1,none,0,0,Cellular,connected,0,Wi-Fi,-100,-100,-100,-100,24912898,24832,311,480,Verizon Wireless,LTE,1,unknown,0,0,connected,LTE Cat-M1,41.66,%,-12,RSRQ,dB,83.33,%,-80,RSRP,dBm,100.0,charging,VIN,3039892,221204,Protected,10806,40,10800,410.0,ok
