"datasourceId","sourceId","sourceType","outputFrequency","startOfPeriod","endOfPeriod","locationLatitude","locationLongitude","atmPressure1HourMean.raw","atmPressure1HourMean.status","atmPressure1HourMean.value","bcAllSources1HourMean.raw","bcAllSources1HourMean.status","bcAllSources1HourMean.value","bcBiomass1HourMean.raw","bcBiomass1HourMean.status","bcBiomass1HourMean.value","bcFossilFuel1HourMean.raw","bcFossilFuel1HourMean.status","bcFossilFuel1HourMean.value","bcSourcesArray1HourMean.raw","bcSourcesArray1HourMean.status","bcSourcesArray1HourMean.value","bcSpectralArrayIRGBU1HourMean.raw","bcSpectralArrayIRGBU1HourMean.status","bcSpectralArrayIRGBU1HourMean.value","bcSpectralB1HourMean.raw","bcSpectralB1HourMean.status","bcSpectralB1HourMean.value","bcSpectralG1HourMean.raw","bcSpectralG1HourMean.status","bcSpectralG1HourMean.value","bcSpectralIR1HourMean.raw","bcSpectralIR1HourMean.status","bcSpectralIR1HourMean.value","bcSpectralR1HourMean.raw","bcSpectralR1HourMean.status","bcSpectralR1HourMean.value","bcSpectralUV1HourMean.raw","bcSpectralUV1HourMean.status","bcSpectralUV1HourMean.value","co2Conc1HourMean.raw","co2Conc1HourMean.status","co2Conc1HourMean.value","coConc1HourMean.raw","coConc1HourMean.status","coConc1HourMean.value","no2Conc1HourMean.raw","no2Conc1HourMean.status","no2Conc1HourMean.value","no2Conc1HourMeanUkDefraAqi.raw","no2Conc1HourMeanUkDefraAqi.status","no2Conc1HourMeanUkDefraAqi.value","no2Conc1HourMeanUsEpaAqi.raw","no2Conc1HourMeanUsEpaAqi.status","no2Conc1HourMeanUsEpaAqi.value","no2Conc1HourMeanWaDwerAqi.raw","no2Conc1HourMeanWaDwerAqi.status","no2Conc1HourMeanWaDwerAqi.value","noConc1HourMean.raw","noConc1HourMean.status","noConc1HourMean.value","noxConc1HourMean.raw","noxConc1HourMean.status","noxConc1HourMean.value","o3Conc1HourMean.raw","o3Conc1HourMean.status","o3Conc1HourMean.value","o3Conc1HourMeanWaDwerAqi.raw","o3Conc1HourMeanWaDwerAqi.status","o3Conc1HourMeanWaDwerAqi.value","pm10ConcMass1HourMean.raw","pm10ConcMass1HourMean.status","pm10ConcMass1HourMean.value","pm10ConcMass1HourMeanWaDwerAqi.raw","pm10ConcMass1HourMeanWaDwerAqi.status","pm10ConcMass1HourMeanWaDwerAqi.value","pm10ConcMass24HourRollingMean.raw","pm10ConcMass24HourRollingMean.status","pm10ConcMass24HourRollingMean.value","pm10ConcMassNowcast.raw","pm10ConcMassNowcast.status","pm10ConcMassNowcast.value","pm10ConcMassNowcastUsEpaAqi.raw","pm10ConcMassNowcastUsEpaAqi.status","pm10ConcMassNowcastUsEpaAqi.value","pm10ConcNum1HourMean.raw","pm10ConcNum1HourMean.status","pm10ConcNum1HourMean.value","pm10ConcNum24HourRollingMean.raw","pm10ConcNum24HourRollingMean.status","pm10ConcNum24HourRollingMean.value","pm1ConcMass1HourMean.raw","pm1ConcMass1HourMean.status","pm1ConcMass1HourMean.value","pm1ConcNum1HourMean.raw","pm1ConcNum1HourMean.status","pm1ConcNum1HourMean.value","pm2_5ConcMass1HourMean.raw","pm2_5ConcMass1HourMean.status","pm2_5ConcMass1HourMean.value","pm2_5ConcMass1HourMeanWaDwerAqi.raw","pm2_5ConcMass1HourMeanWaDwerAqi.status","pm2_5ConcMass1HourMeanWaDwerAqi.value","pm2_5ConcMass24HourRollingMean.raw","pm2_5ConcMass24HourRollingMean.status","pm2_5ConcMass24HourRollingMean.value","pm2_5ConcMass24HourRollingMeanPhDenrAqi.raw","pm2_5ConcMass24HourRollingMeanPhDenrAqi.status","pm2_5ConcMass24HourRollingMeanPhDenrAqi.value","pm2_5ConcMass24HourRollingMeanUkDefraAqi.raw","pm2_5ConcMass24HourRollingMeanUkDefraAqi.status","pm2_5ConcMass24HourRollingMeanUkDefraAqi.value","pm2_5ConcMassNowcast.raw","pm2_5ConcMassNowcast.status","pm2_5ConcMassNowcast.value","pm2_5ConcMassNowcastUsEpaAqi.raw","pm2_5ConcMassNowcastUsEpaAqi.status","pm2_5ConcMassNowcastUsEpaAqi.value","pm2_5ConcNum1HourMean.raw","pm2_5ConcNum1HourMean.status","pm2_5ConcNum1HourMean.value","pm2_5ConcNum24HourRollingMean.raw","pm2_5ConcNum24HourRollingMean.status","pm2_5ConcNum24HourRollingMean.value","relHumidAmbient1HourMean.raw","relHumidAmbient1HourMean.status","relHumidAmbient1HourMean.value","relHumidInternal1HourMean.raw","relHumidInternal1HourMean.status","relHumidInternal1HourMean.value","tVocConc1HourMean.raw","tVocConc1HourMean.status","tVocConc1HourMean.value","temperatureAmbient1HourMean.raw","temperatureAmbient1HourMean.status","temperatureAmbient1HourMean.value","temperatureInternal1HourMean.raw","temperatureInternal1HourMean.status","temperatureInternal1HourMean.value","tspConcMass1HourMean.raw","tspConcMass1HourMean.status","tspConcMass1HourMean.value","windDirection1HourMean.raw","windDirection1HourMean.status","windDirection1HourMean.value","windSpeed1HourMean.raw","windSpeed1HourMean.status","windSpeed1HourMean.value","windVector1HourMean.raw","windVector1HourMean.status","windVector1HourMean.value"
"DALCU7773","A93NM49L","CLARITY_NODE","hour","2026-02-05T00:00:00.000Z","2026-02-05T01:00:00.000Z",40.31562549,-76.89598085,,,,,,,,,,,,,,,,,,,,,,,,,,,,,,,,,,,,,0.14,"calibration-missing",,25.58,"calibration-missing",,1,"calibration-missing",,24,"calibration-missing",,26,"calibration-missing",,-9.57,"calibration-missing",,16.01,"calibration-missing",,-2.88,"calibration-missing",,,,,30.72,"calibration-missing",,31,"calibration-missing",,46.09,"calibration-missing",,27.92,"calibration-missing",,25,"calibration-missing",,12.69,"sensor-ready",12.69,20.96,"sensor-ready",20.96,11.53,"calibration-missing",,11.86,"sensor-ready",11.86,24.69,"calibrated-ready",13.19,25,"calibrated-ready",13,36.05,"calibrated-ready",18.38,105,"calibrated-ready",37,4,"calibrated-ready",2,22.28,"calibrated-ready",13.12,75,"calibrated-ready",58,12.45,"sensor-ready",12.45,20.59,"sensor-ready",20.59,,,,57.05,"sensor-ready",57.05,,,,,,,-4.88,"sensor-ready",-4.88,,,,,,,,,,,,
"DSCFB3568","A47HWW6V","CLARITY_NODE","hour","2026-02-05T00:00:00.000Z","2026-02-05T01:00:00.000Z",40.26430100,-76.85122000,,,,,,,,,,,,,,,,,,,,,,,,,,,,,,,,,,,,,0.20,"calibration-missing",,29.04,"calibration-missing",,1,"calibration-missing",,27,"calibration-missing",,29,"calibration-missing",,-15.13,"calibration-missing",,13.92,"calibration-missing",,-8.62,"calibration-missing",,,,,36.56,"calibration-missing",,37,"calibration-missing",,47.37,"calibration-missing",,30.87,"calibration-missing",,28,"calibration-missing",,13.85,"sensor-ready",13.85,18.39,"sensor-ready",18.39,13.27,"calibration-missing",,13.00,"sensor-ready",13.00,25.14,"calibrated-ready",16.08,25,"calibrated-ready",16,33.69,"calibrated-ready",19.30,93,"calibrated-ready",39,3,"calibrated-ready",2,21.33,"calibrated-ready",14.24,74,"calibrated-ready",61,13.61,"sensor-ready",13.61,18.07,"sensor-ready",18.07,,,,49.44,"sensor-ready",49.44,,,,,,,-2.21,"sensor-ready",-2.21,,,,,,,,,,,,
"DYITV0908","A44MFTF3","CLARITY_NODE","hour","2026-02-05T00:00:00.000Z","2026-02-05T01:00:00.000Z",40.31562660,-76.89596917,,,,,,,,,,,,,,,,,,,,,,,,,,,,,,,,,,,,,0.18,"calibration-missing",,26.19,"calibration-missing",,1,"calibration-missing",,25,"calibration-missing",,26,"calibration-missing",,-15.09,"calibration-missing",,11.10,"calibration-missing",,-2.64,"calibration-missing",,,,,24.60,"calibration-missing",,25,"calibration-missing",,44.00,"calibration-missing",,24.00,"calibration-missing",,22,"calibration-missing",,11.78,"sensor-ready",11.78,21.48,"sensor-ready",21.48,10.12,"calibration-missing",,11.10,"sensor-ready",11.10,20.29,"calibrated-ready",11.38,20,"calibrated-ready",11,34.14,"calibrated-ready",17.97,96,"calibrated-ready",36,3,"calibrated-ready",2,19.88,"calibrated-ready",12.31,71,"calibrated-ready",57,11.63,"sensor-ready",11.63,21.18,"sensor-ready",21.18,,,,57.22,"sensor-ready",57.22,,,,,,,-5.12,"sensor-ready",-5.12,,,,,,,,,,,,
"DALCU7773","A93NM49L","CLARITY_NODE","hour","2026-02-05T01:00:00.000Z","2026-02-05T02:00:00.000Z",40.31562549,-76.89598085,,,,,,,,,,,,,,,,,,,,,,,,,,,,,,,,,,,,,0.12,"calibration-missing",,23.03,"calibration-missing",,1,"calibration-missing",,22,"calibration-missing",,23,"calibration-missing",,-10.77,"calibration-missing",,12.26,"calibration-missing",,-0.58,"calibration-missing",,,,,36.38,"calibration-missing",,36,"calibration-missing",,45.35,"calibration-missing",,31.12,"calibration-missing",,29,"calibration-missing",,13.33,"sensor-ready",13.33,20.55,"sensor-ready",20.55,12.13,"calibration-missing",,12.43,"sensor-ready",12.43,26.92,"calibrated-ready",13.87,27,"calibrated-ready",14,35.39,"calibrated-ready",18.16,102,"calibrated-ready",36,3,"calibrated-ready",2,23.35,"calibrated-ready",13.39,77,"calibrated-ready",59,13.05,"sensor-ready",13.05,20.18,"sensor-ready",20.18,,,,62.57,"sensor-ready",62.57,,,,,,,-5.97,"sensor-ready",-5.97,,,,,,,,,,,,
"DSCFB3568","A47HWW6V","CLARITY_NODE","hour","2026-02-05T01:00:00.000Z","2026-02-05T02:00:00.000Z",40.26430100,-76.85122000,,,,,,,,,,,,,,,,,,,,,,,,,,,,,,,,,,,,,0.28,"calibration-missing",,35.21,"calibration-missing",,1,"calibration-missing",,33,"calibration-missing",,35,"calibration-missing",,-9.16,"calibration-missing",,26.05,"calibration-missing",,-18.25,"calibration-missing",,,,,36.84,"calibration-missing",,37,"calibration-missing",,45.63,"calibration-missing",,33.23,"calibration-missing",,31,"calibration-missing",,13.97,"sensor-ready",13.97,17.83,"sensor-ready",17.83,13.99,"calibration-missing",,13.15,"sensor-ready",13.15,26.44,"calibrated-ready",15.90,26,"calibrated-ready",16,32.58,"calibrated-ready",18.79,88,"calibrated-ready",37,3,"calibrated-ready",2,23.17,"calibrated-ready",14.63,77,"calibrated-ready",61,13.78,"sensor-ready",13.78,17.53,"sensor-ready",17.53,,,,51.62,"sensor-ready",51.62,,,,,,,-3.15,"sensor-ready",-3.15,,,,,,,,,,,,
"DYITV0908","A44MFTF3","CLARITY_NODE","hour","2026-02-05T01:00:00.000Z","2026-02-05T02:00:00.000Z",40.31562660,-76.89596917,,,,,,,,,,,,,,,,,,,,,,,,,,,,,,,,,,,,,0.16,"calibration-missing",,23.17,"calibration-missing",,1,"calibration-missing",,22,"calibration-missing",,23,"calibration-missing",,-17.27,"calibration-missing",,5.90,"calibration-missing",,-0.54,"calibration-missing",,,,,38.19,"calibration-missing",,38,"calibration-missing",,43.57,"calibration-missing",,30.52,"calibration-missing",,28,"calibration-missing",,14.27,"sensor-ready",14.27,21.09,"sensor-ready",21.09,13.28,"calibration-missing",,13.37,"sensor-ready",13.37,27.56,"calibrated-ready",14.52,28,"calibrated-ready",15,33.65,"calibrated-ready",17.82,93,"calibrated-ready",36,3,"calibrated-ready",2,22.74,"calibrated-ready",13.03,76,"calibrated-ready",58,14.02,"sensor-ready",14.02,20.79,"sensor-ready",20.79,,,,62.53,"sensor-ready",62.53,,,,,,,-6.16,"sensor-ready",-6.16,,,,,,,,,,,,
"DALCU7773","A93NM49L","CLARITY_NODE","hour","2026-02-05T02:00:00.000Z","2026-02-05T03:00:00.000Z",40.31562549,-76.89598085,,,,,,,,,,,,,,,,,,,,,,,,,,,,,,,,,,,,,0.11,"calibration-missing",,23.66,"calibration-missing",,1,"calibration-missing",,22,"calibration-missing",,24,"calibration-missing",,-10.33,"calibration-missing",,13.33,"calibration-missing",,-0.10,"calibration-missing",,,,,49.44,"calibration-missing",,49,"calibration-missing",,45.25,"calibration-missing",,40.79,"calibration-missing",,37,"calibration-missing",,17.05,"sensor-ready",17.05,20.26,"sensor-ready",20.26,16.85,"calibration-missing",,15.86,"sensor-ready",15.86,36.58,"calibrated-ready",17.13,37,"calibrated-ready",17,35.17,"calibrated-ready",18.11,101,"calibrated-ready",36,3,"calibrated-ready",2,30.61,"calibrated-ready",14.35,91,"calibrated-ready",61,16.71,"sensor-ready",16.71,19.90,"sensor-ready",19.90,,,,65.64,"sensor-ready",65.64,,,,,,,-6.42,"sensor-ready",-6.42,,,,,,,,,,,,
"DSCFB3568","A47HWW6V","CLARITY_NODE","hour","2026-02-05T02:00:00.000Z","2026-02-05T03:00:00.000Z",40.26430100,-76.85122000,,,,,,,,,,,,,,,,,,,,,,,,,,,,,,,,,,,,,0.27,"calibration-missing",,38.75,"calibration-missing",,2,"calibration-missing",,36,"calibration-missing",,39,"calibration-missing",,-2.30,"calibration-missing",,36.44,"calibration-missing",,-21.37,"calibration-missing",,,,,32.42,"calibration-missing",,32,"calibration-missing",,43.93,"calibration-missing",,32.86,"calibration-missing",,30,"calibration-missing",,12.35,"sensor-ready",12.35,17.26,"sensor-ready",17.26,12.51,"calibration-missing",,11.59,"sensor-ready",11.59,24.41,"calibrated-ready",14.16,24,"calibrated-ready",14,31.50,"calibrated-ready",18.29,83,"calibrated-ready",36,3,"calibrated-ready",2,23.56,"calibrated-ready",14.44,78,"calibrated-ready",61,12.14,"sensor-ready",12.14,16.97,"sensor-ready",16.97,,,,53.24,"sensor-ready",53.24,,,,,,,-3.85,"sensor-ready",-3.85,,,,,,,,,,,,
"DYITV0908","A44MFTF3","CLARITY_NODE","hour","2026-02-05T02:00:00.000Z","2026-02-05T03:00:00.000Z",40.31562660,-76.89596917,,,,,,,,,,,,,,,,,,,,,,,,,,,,,,,,,,,,,0.13,"calibration-missing",,24.07,"calibration-missing",,1,"calibration-missing",,23,"calibration-missing",,24,"calibration-missing",,-15.80,"calibration-missing",,8.27,"calibration-missing",,0.76,"calibration-missing",,1,"calibration-missing",,43.96,"calibration-missing",,44,"calibration-missing",,43.07,"calibration-missing",,37.54,"calibration-missing",,34,"calibration-missing",,16.27,"sensor-ready",16.27,20.73,"sensor-ready",20.73,16.35,"calibration-missing",,15.19,"sensor-ready",15.19,32.98,"calibrated-ready",15.89,33,"calibrated-ready",16,33.31,"calibrated-ready",17.66,92,"calibrated-ready",35,3,"calibrated-ready",2,28.05,"calibrated-ready",13.84,86,"calibrated-ready",60,16.00,"sensor-ready",16.00,20.44,"sensor-ready",20.44,,,,64.58,"sensor-ready",64.58,,,,,,,-6.44,"sensor-ready",-6.44,,,,,,,,,,,,
"DALCU7773","A93NM49L","CLARITY_NODE","hour","2026-02-05T03:00:00.000Z","2026-02-05T04:00:00.000Z",40.31562549,-76.89598085,,,,,,,,,,,,,,,,,,,,,,,,,,,,,,,,,,,,,0.10,"calibration-missing",,20.41,"calibration-missing",,1,"calibration-missing",,19,"calibration-missing",,20,"calibration-missing",,-10.43,"calibration-missing",,9.98,"calibration-missing",,0.20,"calibration-missing",,0,"calibration-missing",,56.53,"calibration-missing",,57,"calibration-missing",,44.90,"calibration-missing",,48.67,"calibration-missing",,44,"calibration-missing",,18.10,"sensor-ready",18.10,19.91,"sensor-ready",19.91,18.01,"calibration-missing",,16.76,"sensor-ready",16.76,39.81,"calibrated-ready",18.98,40,"calibrated-ready",19,34.76,"calibrated-ready",17.98,99,"calibrated-ready",36,3,"calibrated-ready",2,35.21,"calibrated-ready",16.07,100,"calibrated-ready",64,17.69,"sensor-ready",17.69,19.55,"sensor-ready",19.55,,,,66.01,"sensor-ready",66.01,,,,,,,-7.03,"sensor-ready",-7.03,,,,,,,,,,,,
"DSCFB3568","A47HWW6V","CLARITY_NODE","hour","2026-02-05T03:00:00.000Z","2026-02-05T04:00:00.000Z",40.26430100,-76.85122000,,,,,,,,,,,,,,,,,,,,,,,,,,,,,,,,,,,,,0.22,"calibration-missing",,34.98,"calibration-missing",,1,"calibration-missing",,32,"calibration-missing",,35,"calibration-missing",,-7.99,"calibration-missing",,26.99,"calibration-missing",,-20.06,"calibration-missing",,,,,36.25,"calibration-missing",,36,"calibration-missing",,42.96,"calibration-missing",,34.40,"calibration-missing",,31,"calibration-missing",,13.16,"sensor-ready",13.16,16.82,"sensor-ready",16.82,13.53,"calibration-missing",,12.34,"sensor-ready",12.34,25.54,"calibrated-ready",15.17,26,"calibrated-ready",15,30.71,"calibrated-ready",17.99,79,"calibrated-ready",36,3,"calibrated-ready",2,24.32,"calibrated-ready",14.61,79,"calibrated-ready",61,12.97,"sensor-ready",12.97,16.53,"sensor-ready",16.53,,,,54.27,"sensor-ready",54.27,,,,,,,-4.52,"sensor-ready",-4.52,,,,,,,,,,,,
"DYITV0908","A44MFTF3","CLARITY_NODE","hour","2026-02-05T03:00:00.000Z","2026-02-05T04:00:00.000Z",40.31562660,-76.89596917,,,,,,,,,,,,,,,,,,,,,,,,,,,,,,,,,,,,,0.13,"calibration-missing",,20.46,"calibration-missing",,1,"calibration-missing",,19,"calibration-missing",,20,"calibration-missing",,-15.21,"calibration-missing",,5.25,"calibration-missing",,0.07,"calibration-missing",,0,"calibration-missing",,51.83,"calibration-missing",,52,"calibration-missing",,42.60,"calibration-missing",,44.69,"calibration-missing",,41,"calibration-missing",,17.56,"sensor-ready",17.56,20.29,"sensor-ready",20.29,17.79,"calibration-missing",,16.45,"sensor-ready",16.45,35.77,"calibrated-ready",18.02,36,"calibrated-ready",18,32.84,"calibrated-ready",17.48,89,"calibrated-ready",35,3,"calibrated-ready",2,32.07,"calibrated-ready",15.55,94,"calibrated-ready",63,17.24,"sensor-ready",17.24,20.00,"sensor-ready",20.00,,,,64.97,"sensor-ready",64.97,,,,,,,-7.04,"sensor-ready",-7.04,,,,,,,,,,,,
"DALCU7773","A93NM49L","CLARITY_NODE","hour","2026-02-05T04:00:00.000Z","2026-02-05T05:00:00.000Z",40.31562549,-76.89598085,,,,,,,,,,,,,,,,,,,,,,,,,,,,,,,,,,,,,0.12,"calibration-missing",,24.22,"calibration-missing",,1,"calibration-missing",,23,"calibration-missing",,24,"calibration-missing",,-9.77,"calibration-missing",,14.45,"calibration-missing",,-0.85,"calibration-missing",,,,,58.81,"calibration-missing",,59,"calibration-missing",,44.53,"calibration-missing",,53.74,"calibration-missing",,49,"calibration-missing",,19.30,"sensor-ready",19.30,19.44,"sensor-ready",19.44,20.77,"calibration-missing",,17.94,"sensor-ready",17.94,42.16,"calibrated-ready",18.70,42,"calibrated-ready",19,34.35,"calibrated-ready",17.77,97,"calibrated-ready",35,3,"calibrated-ready",2,38.69,"calibrated-ready",16.95,109,"calibrated-ready",66,18.92,"sensor-ready",18.92,19.09,"sensor-ready",19.09,,,,70.18,"sensor-ready",70.18,,,,,,,-7.99,"sensor-ready",-7.99,,,,,,,,,,,,
"DSCFB3568","A47HWW6V","CLARITY_NODE","hour","2026-02-05T04:00:00.000Z","2026-02-05T05:00:00.000Z",40.26430100,-76.85122000,,,,,,,,,,,,,,,,,,,,,,,,,,,,,,,,,,,,,0.17,"calibration-missing",,32.63,"calibration-missing",,1,"calibration-missing",,30,"calibration-missing",,33,"calibration-missing",,-10.01,"calibration-missing",,22.62,"calibration-missing",,-18.82,"calibration-missing",,,,,34.15,"calibration-missing",,34,"calibration-missing",,41.04,"calibration-missing",,34.29,"calibration-missing",,31,"calibration-missing",,12.70,"sensor-ready",12.70,16.19,"sensor-ready",16.19,13.31,"calibration-missing",,11.90,"sensor-ready",11.90,25.19,"calibrated-ready",14.25,25,"calibrated-ready",14,29.56,"calibrated-ready",17.42,73,"calibrated-ready",35,3,"calibrated-ready",2,24.65,"calibrated-ready",14.51,80,"calibrated-ready",61,12.55,"sensor-ready",12.55,15.92,"sensor-ready",15.92,,,,56.13,"sensor-ready",56.13,,,,,,,-5.46,"sensor-ready",-5.46,,,,,,,,,,,,
"DYITV0908","A44MFTF3","CLARITY_NODE","hour","2026-02-05T04:00:00.000Z","2026-02-05T05:00:00.000Z",40.31562660,-76.89596917,,,,,,,,,,,,,,,,,,,,,,,,,,,,,,,,,,,,,0.16,"calibration-missing",,23.30,"calibration-missing",,1,"calibration-missing",,22,"calibration-missing",,23,"calibration-missing",,-15.22,"calibration-missing",,8.08,"calibration-missing",,-2.77,"calibration-missing",,,,,60.50,"calibration-missing",,60,"calibration-missing",,42.48,"calibration-missing",,52.60,"calibration-missing",,48,"calibration-missing",,19.82,"sensor-ready",19.82,19.80,"sensor-ready",19.80,20.98,"calibration-missing",,18.38,"sensor-ready",18.38,43.14,"calibrated-ready",19.45,43,"calibrated-ready",19,32.58,"calibrated-ready",17.33,88,"calibrated-ready",35,3,"calibrated-ready",2,37.61,"calibrated-ready",17.33,106,"calibrated-ready",66,19.44,"sensor-ready",19.44,19.51,"sensor-ready",19.51,,,,69.04,"sensor-ready",69.04,,,,,,,-8.02,"sensor-ready",-8.02,,,,,,,,,,,,
"DALCU7773","A93NM49L","CLARITY_NODE","hour","2026-02-05T05:00:00.000Z","2026-02-05T06:00:00.000Z",40.31562549,-76.89598085,,,,,,,,,,,,,,,,,,,,,,,,,,,,,,,,,,,,,0.11,"calibration-missing",,20.71,"calibration-missing",,1,"calibration-missing",,19,"calibration-missing",,21,"calibration-missing",,-9.28,"calibration-missing",,11.42,"calibration-missing",,-2.27,"calibration-missing",,,,,67.09,"calibration-missing",,67,"calibration-missing",,44.11,"calibration-missing",,60.42,"calibration-missing",,53,"calibration-missing",,20.85,"sensor-ready",20.85,18.92,"sensor-ready",18.92,21.42,"calibration-missing",,19.28,"sensor-ready",19.28,48.49,"calibrated-ready",20.86,48,"calibrated-ready",21,33.96,"calibrated-ready",17.58,95,"calibrated-ready",35,3,"calibrated-ready",2,43.59,"calibrated-ready",18.73,121,"calibrated-ready",69,20.35,"sensor-ready",20.35,18.58,"sensor-ready",18.58,,,,69.92,"sensor-ready",69.92,,,,,,,-8.18,"sensor-ready",-8.18,,,,,,,,,,,,
"DSCFB3568","A47HWW6V","CLARITY_NODE","hour","2026-02-05T05:00:00.000Z","2026-02-05T06:00:00.000Z",40.26430100,-76.85122000,,,,,,,,,,,,,,,,,,,,,,,,,,,,,,,,,,,,,0.14,"calibration-missing",,31.45,"calibration-missing",,1,"calibration-missing",,29,"calibration-missing",,31,"calibration-missing",,-11.22,"calibration-missing",,20.23,"calibration-missing",,-17.11,"calibration-missing",,,,,41.21,"calibration-missing",,41,"calibration-missing",,39.47,"calibration-missing",,37.82,"calibration-missing",,34,"calibration-missing",,13.29,"sensor-ready",13.29,15.56,"sensor-ready",15.56,13.85,"calibration-missing",,12.35,"sensor-ready",12.35,29.11,"calibrated-ready",15.90,29,"calibrated-ready",16,28.51,"calibrated-ready",16.94,68,"calibrated-ready",34,3,"calibrated-ready",2,26.73,"calibrated-ready",14.87,84,"calibrated-ready",62,13.04,"sensor-ready",13.04,15.31,"sensor-ready",15.31,,,,58.15,"sensor-ready",58.15,,,,,,,-6.23,"sensor-ready",-6.23,,,,,,,,,,,,
"DYITV0908","A44MFTF3","CLARITY_NODE","hour","2026-02-05T05:00:00.000Z","2026-02-05T06:00:00.000Z",40.31562660,-76.89596917,,,,,,,,,,,,,,,,,,,,,,,,,,,,,,,,,,,,,0.15,"calibration-missing",,20.92,"calibration-missing",,1,"calibration-missing",,19,"calibration-missing",,21,"calibration-missing",,-13.90,"calibration-missing",,7.01,"calibration-missing",,-1.05,"calibration-missing",,,,,59.48,"calibration-missing",,59,"calibration-missing",,41.86,"calibration-missing",,56.05,"calibration-missing",,51,"calibration-missing",,20.09,"sensor-ready",20.09,19.18,"sensor-ready",19.18,21.41,"calibration-missing",,18.82,"sensor-ready",18.82,41.96,"calibrated-ready",19.34,42,"calibrated-ready",19,32.02,"calibrated-ready",17.08,85,"calibrated-ready",34,3,"calibrated-ready",2,39.79,"calibrated-ready",18.17,111,"calibrated-ready",68,19.75,"sensor-ready",19.75,18.90,"sensor-ready",18.90,,,,68.92,"sensor-ready",68.92,,,,,,,-8.21,"sensor-ready",-8.21,,,,,,,,,,,,
"DALCU7773","A93NM49L","CLARITY_NODE","hour","2026-02-05T06:00:00.000Z","2026-02-05T07:00:00.000Z",40.31562549,-76.89598085,,,,,,,,,,,,,,,,,,,,,,,,,,,,,,,,,,,,,0.12,"calibration-missing",,20.99,"calibration-missing",,1,"calibration-missing",,19,"calibration-missing",,21,"calibration-missing",,-8.18,"calibration-missing",,12.81,"calibration-missing",,-0.47,"calibration-missing",,,,,61.78,"calibration-missing",,62,"calibration-missing",,43.32,"calibration-missing",,61.11,"calibration-missing",,54,"calibration-missing",,20.53,"sensor-ready",20.53,18.30,"sensor-ready",18.30,21.73,"calibration-missing",,19.09,"sensor-ready",19.09,46.69,"calibrated-ready",19.49,47,"calibrated-ready",19,33.37,"calibrated-ready",17.31,92,"calibrated-ready",35,3,"calibrated-ready",2,45.14,"calibrated-ready",19.04,125,"calibrated-ready",69,20.12,"sensor-ready",20.12,17.96,"sensor-ready",17.96,,,,70.00,"sensor-ready",70.00,,,,,,,-8.30,"sensor-ready",-8.30,,,,,,,,,,,,
"DSCFB3568","A47HWW6V","CLARITY_NODE","hour","2026-02-05T06:00:00.000Z","2026-02-05T07:00:00.000Z",40.26430100,-76.85122000,,,,,,,,,,,,,,,,,,,,,,,,,,,,,,,,,,,,,0.12,"calibration-missing",,22.89,"calibration-missing",,1,"calibration-missing",,21,"calibration-missing",,23,"calibration-missing",,-14.05,"calibration-missing",,8.84,"calibration-missing",,-8.66,"calibration-missing",,,,,45.72,"calibration-missing",,46,"calibration-missing",,37.85,"calibration-missing",,41.77,"calibration-missing",,38,"calibration-missing",,13.84,"sensor-ready",13.84,14.92,"sensor-ready",14.92,14.55,"calibration-missing",,12.85,"sensor-ready",12.85,30.96,"calibrated-ready",17.22,31,"calibrated-ready",17,27.44,"calibrated-ready",16.47,62,"calibrated-ready",33,3,"calibrated-ready",2,28.83,"calibrated-ready",15.64,88,"calibrated-ready",63,13.53,"sensor-ready",13.53,14.68,"sensor-ready",14.68,,,,58.00,"sensor-ready",58.00,,,,,,,-6.73,"sensor-ready",-6.73,,,,,,,,,,,,
"DYITV0908","A44MFTF3","CLARITY_NODE","hour","2026-02-05T06:00:00.000Z","2026-02-05T07:00:00.000Z",40.31562660,-76.89596917,,,,,,,,,,,,,,,,,,,,,,,,,,,,,,,,,,,,,0.15,"calibration-missing",,19.58,"calibration-missing",,1,"calibration-missing",,18,"calibration-missing",,20,"calibration-missing",,-14.29,"calibration-missing",,5.30,"calibration-missing",,2.15,"calibration-missing",,2,"calibration-missing",,64.51,"calibration-missing",,65,"calibration-missing",,41.29,"calibration-missing",,60.28,"calibration-missing",,53,"calibration-missing",,20.62,"sensor-ready",20.62,18.51,"sensor-ready",18.51,22.42,"calibration-missing",,19.26,"sensor-ready",19.26,43.64,"calibrated-ready",20.66,44,"calibrated-ready",21,31.43,"calibrated-ready",16.85,82,"calibrated-ready",34,3,"calibrated-ready",2,41.72,"calibrated-ready",19.40,116,"calibrated-ready",70,20.25,"sensor-ready",20.25,18.24,"sensor-ready",18.24,,,,68.95,"sensor-ready",68.95,,,,,,,-8.33,"sensor-ready",-8.33,,,,,,,,,,,,
"DALCU7773","A93NM49L","CLARITY_NODE","hour","2026-02-05T07:00:00.000Z","2026-02-05T08:00:00.000Z",40.31562549,-76.89598085,,,,,,,,,,,,,,,,,,,,,,,,,,,,,,,,,,,,,0.11,"calibration-missing",,23.83,"calibration-missing",,1,"calibration-missing",,22,"calibration-missing",,24,"calibration-missing",,-7.95,"calibration-missing",,15.88,"calibration-missing",,-4.93,"calibration-missing",,,,,73.17,"calibration-missing",,73,"calibration-missing",,42.65,"calibration-missing",,67.15,"calibration-missing",,57,"calibration-missing",,21.78,"sensor-ready",21.78,17.59,"sensor-ready",17.59,23.22,"calibration-missing",,20.25,"sensor-ready",20.25,51.28,"calibrated-ready",22.25,51,"calibrated-ready",22,32.81,"calibrated-ready",17.03,89,"calibrated-ready",34,3,"calibrated-ready",2,48.21,"calibrated-ready",20.52,132,"calibrated-ready",72,21.28,"sensor-ready",21.28,17.26,"sensor-ready",17.26,,,,70.81,"sensor-ready",70.81,,,,,,,-8.74,"sensor-ready",-8.74,,,,,,,,,,,,
"DSCFB3568","A47HWW6V","CLARITY_NODE","hour","2026-02-05T07:00:00.000Z","2026-02-05T08:00:00.000Z",40.26430100,-76.85122000,,,,,,,,,,,,,,,,,,,,,,,,,,,,,,,,,,,,,0.17,"calibration-missing",,26.16,"calibration-missing",,1,"calibration-missing",,25,"calibration-missing",,26,"calibration-missing",,-12.93,"calibration-missing",,13.23,"calibration-missing",,-14.02,"calibration-missing",,,,,44.84,"calibration-missing",,45,"calibration-missing",,36.67,"calibration-missing",,43.31,"calibration-missing",,40,"calibration-missing",,13.49,"sensor-ready",13.49,14.34,"sensor-ready",14.34,14.93,"calibration-missing",,12.57,"sensor-ready",12.57,28.87,"calibrated-ready",16.63,29,"calibrated-ready",17,26.47,"calibrated-ready",16.10,57,"calibrated-ready",32,3,"calibrated-ready",2,28.85,"calibrated-ready",15.93,88,"calibrated-ready",64,13.25,"sensor-ready",13.25,14.10,"sensor-ready",14.10,,,,59.66,"sensor-ready",59.66,,,,,,,-7.15,"sensor-ready",-7.15,,,,,,,,,,,,
"DYITV0908","A44MFTF3","CLARITY_NODE","hour","2026-02-05T07:00:00.000Z","2026-02-05T08:00:00.000Z",40.31562660,-76.89596917,,,,,,,,,,,,,,,,,,,,,,,,,,,,,,,,,,,,,0.16,"calibration-missing",,23.32,"calibration-missing",,1,"calibration-missing",,22,"calibration-missing",,23,"calibration-missing",,-13.18,"calibration-missing",,10.14,"calibration-missing",,-3.09,"calibration-missing",,,,,65.97,"calibration-missing",,66,"calibration-missing",,40.48,"calibration-missing",,63.13,"calibration-missing",,55,"calibration-missing",,21.96,"sensor-ready",21.96,17.76,"sensor-ready",17.76,23.95,"calibration-missing",,20.54,"sensor-ready",20.54,46.64,"calibrated-ready",20.91,47,"calibrated-ready",21,30.83,"calibrated-ready",16.53,79,"calibrated-ready",33,3,"calibrated-ready",2,44.18,"calibrated-ready",20.11,122,"calibrated-ready",71,21.61,"sensor-ready",21.61,17.50,"sensor-ready",17.50,,,,69.80,"sensor-ready",69.80,,,,,,,-8.76,"sensor-ready",-8.76,,,,,,,,,,,,
"DALCU7773","A93NM49L","CLARITY_NODE","hour","2026-02-05T08:00:00.000Z","2026-02-05T09:00:00.000Z",40.31562549,-76.89598085,,,,,,,,,,,,,,,,,,,,,,,,,,,,,,,,,,,,,0.11,"calibration-missing",,20.32,"calibration-missing",,1,"calibration-missing",,19,"calibration-missing",,20,"calibration-missing",,-8.90,"calibration-missing",,11.42,"calibration-missing",,-1.90,"calibration-missing",,,,,78.84,"calibration-missing",,79,"calibration-missing",,42.46,"calibration-missing",,73.00,"calibration-missing",,60,"calibration-missing",,23.10,"sensor-ready",23.10,17.08,"sensor-ready",17.08,25.10,"calibration-missing",,21.43,"sensor-ready",21.43,54.21,"calibrated-ready",23.47,54,"calibrated-ready",23,32.53,"calibrated-ready",16.86,88,"calibrated-ready",34,3,"calibrated-ready",2,51.22,"calibrated-ready",21.96,140,"calibrated-ready",75,22.58,"sensor-ready",22.58,16.76,"sensor-ready",16.76,,,,71.91,"sensor-ready",71.91,,,,,,,-9.35,"sensor-ready",-9.35,,,,,,,,,,,,
"DSCFB3568","A47HWW6V","CLARITY_NODE","hour","2026-02-05T08:00:00.000Z","2026-02-05T09:00:00.000Z",40.26430100,-76.85122000,,,,,,,,,,,,,,,,,,,,,,,,,,,,,,,,,,,,,0.14,"calibration-missing",,28.47,"calibration-missing",,1,"calibration-missing",,26,"calibration-missing",,28,"calibration-missing",,-10.93,"calibration-missing",,17.55,"calibration-missing",,-14.58,"calibration-missing",,,,,44.46,"calibration-missing",,44,"calibration-missing",,35.59,"calibration-missing",,43.89,"calibration-missing",,40,"calibration-missing",,14.09,"sensor-ready",14.09,13.84,"sensor-ready",13.84,15.92,"calibration-missing",,13.16,"sensor-ready",13.16,31.71,"calibrated-ready",16.44,32,"calibrated-ready",16,25.67,"calibrated-ready",15.74,53,"calibrated-ready",31,3,"calibrated-ready",2,30.26,"calibrated-ready",16.09,90,"calibrated-ready",64,13.83,"sensor-ready",13.83,13.61,"sensor-ready",13.61,,,,60.70,"sensor-ready",60.70,,,,,,,-7.76,"sensor-ready",-7.76,,,,,,,,,,,,
"DYITV0908","A44MFTF3","CLARITY_NODE","hour","2026-02-05T08:00:00.000Z","2026-02-05T09:00:00.000Z",40.31562660,-76.89596917,,,,,,,,,,,,,,,,,,,,,,,,,,,,,,,,,,,,,0.15,"calibration-missing",,20.06,"calibration-missing",,1,"calibration-missing",,19,"calibration-missing",,20,"calibration-missing",,-12.67,"calibration-missing",,7.39,"calibration-missing",,-1.17,"calibration-missing",,,,,71.38,"calibration-missing",,71,"calibration-missing",,40.23,"calibration-missing",,67.26,"calibration-missing",,57,"calibration-missing",,21.84,"sensor-ready",21.84,17.13,"sensor-ready",17.13,23.97,"calibration-missing",,20.38,"sensor-ready",20.38,47.74,"calibrated-ready",21.99,48,"calibrated-ready",22,30.39,"calibrated-ready",16.34,77,"calibrated-ready",33,3,"calibrated-ready",2,45.96,"calibrated-ready",21.07,127,"calibrated-ready",73,21.43,"sensor-ready",21.43,16.87,"sensor-ready",16.87,,,,70.82,"sensor-ready",70.82,,,,,,,-9.37,"sensor-ready",-9.37,,,,,,,,,,,,
"DALCU7773","A93NM49L","CLARITY_NODE","hour","2026-02-05T09:00:00.000Z","2026-02-05T10:00:00.000Z",40.31562549,-76.89598085,,,,,,,,,,,,,,,,,,,,,,,,,,,,,,,,,,,,,0.11,"calibration-missing",,16.46,"calibration-missing",,1,"calibration-missing",,15,"calibration-missing",,16,"calibration-missing",,-8.98,"calibration-missing",,7.47,"calibration-missing",,3.48,"calibration-missing",,3,"calibration-missing",,74.61,"calibration-missing",,75,"calibration-missing",,43.21,"calibration-missing",,73.81,"calibration-missing",,60,"calibration-missing",,21.51,"sensor-ready",21.51,17.00,"sensor-ready",17.00,23.51,"calibration-missing",,19.93,"sensor-ready",19.93,51.29,"calibrated-ready",22.38,51,"calibrated-ready",22,32.81,"calibrated-ready",16.91,89,"calibrated-ready",34,3,"calibrated-ready",2,51.26,"calibrated-ready",22.16,140,"calibrated-ready",75,21.01,"sensor-ready",21.01,16.68,"sensor-ready",16.68,,,,71.51,"sensor-ready",71.51,,,,,,,-9.31,"sensor-ready",-9.31,,,,,,,,,,,,
"DSCFB3568","A47HWW6V","CLARITY_NODE","hour","2026-02-05T09:00:00.000Z","2026-02-05T10:00:00.000Z",40.26430100,-76.85122000,,,,,,,,,,,,,,,,,,,,,,,,,,,,,,,,,,,,,0.20,"calibration-missing",,27.13,"calibration-missing",,1,"calibration-missing",,25,"calibration-missing",,27,"calibration-missing",,-11.07,"calibration-missing",,16.06,"calibration-missing",,-15.09,"calibration-missing",,,,,45.47,"calibration-missing",,45,"calibration-missing",,35.16,"calibration-missing",,44.68,"calibration-missing",,41,"calibration-missing",,13.56,"sensor-ready",13.56,13.58,"sensor-ready",13.58,15.29,"calibration-missing",,12.57,"sensor-ready",12.57,31.76,"calibrated-ready",16.67,32,"calibrated-ready",17,25.37,"calibrated-ready",15.56,52,"calibrated-ready",31,3,"calibrated-ready",2,30.91,"calibrated-ready",16.28,92,"calibrated-ready",64,13.29,"sensor-ready",13.29,13.35,"sensor-ready",13.35,,,,60.37,"sensor-ready",60.37,,,,,,,-7.96,"sensor-ready",-7.96,,,,,,,,,,,,
"DYITV0908","A44MFTF3","CLARITY_NODE","hour","2026-02-05T09:00:00.000Z","2026-02-05T10:00:00.000Z",40.31562660,-76.89596917,,,,,,,,,,,,,,,,,,,,,,,,,,,,,,,,,,,,,0.16,"calibration-missing",,17.28,"calibration-missing",,1,"calibration-missing",,16,"calibration-missing",,17,"calibration-missing",,-14.19,"calibration-missing",,3.08,"calibration-missing",,3.45,"calibration-missing",,3,"calibration-missing",,66.71,"calibration-missing",,67,"calibration-missing",,40.68,"calibration-missing",,66.99,"calibration-missing",,56,"calibration-missing",,19.34,"sensor-ready",19.34,16.95,"sensor-ready",16.95,20.75,"calibration-missing",,18.02,"sensor-ready",18.02,42.71,"calibrated-ready",20.74,43,"calibrated-ready",21,30.38,"calibrated-ready",16.32,77,"calibrated-ready",33,3,"calibrated-ready",2,44.34,"calibrated-ready",20.92,123,"calibrated-ready",73,18.95,"sensor-ready",18.95,16.70,"sensor-ready",16.70,,,,70.32,"sensor-ready",70.32,,,,,,,-9.33,"sensor-ready",-9.33,,,,,,,,,,,,
"DALCU7773","A93NM49L","CLARITY_NODE","hour","2026-02-05T10:00:00.000Z","2026-02-05T11:00:00.000Z",40.31562549,-76.89598085,,,,,,,,,,,,,,,,,,,,,,,,,,,,,,,,,,,,,0.13,"calibration-missing",,19.34,"calibration-missing",,1,"calibration-missing",,18,"calibration-missing",,19,"calibration-missing",,-8.55,"calibration-missing",,10.79,"calibration-missing",,-0.79,"calibration-missing",,,,,85.31,"calibration-missing",,85,"calibration-missing",,44.56,"calibration-missing",,79.57,"calibration-missing",,63,"calibration-missing",,24.67,"sensor-ready",24.67,17.14,"sensor-ready",17.14,27.68,"calibration-missing",,22.81,"sensor-ready",22.81,60.12,"calibrated-ready",25.25,60,"calibrated-ready",25,33.58,"calibrated-ready",17.11,93,"calibrated-ready",34,3,"calibrated-ready",2,55.69,"calibrated-ready",23.75,151,"calibrated-ready",78,24.06,"sensor-ready",24.06,16.81,"sensor-ready",16.81,,,,71.34,"sensor-ready",71.34,,,,,,,-9.52,"sensor-ready",-9.52,,,,,,,,,,,,
"DSCFB3568","A47HWW6V","CLARITY_NODE","hour","2026-02-05T10:00:00.000Z","2026-02-05T11:00:00.000Z",40.26430100,-76.85122000,,,,,,,,,,,,,,,,,,,,,,,,,,,,,,,,,,,,,0.17,"calibration-missing",,29.13,"calibration-missing",,1,"calibration-missing",,27,"calibration-missing",,29,"calibration-missing",,-7.70,"calibration-missing",,21.42,"calibration-missing",,-18.52,"calibration-missing",,,,,42.08,"calibration-missing",,42,"calibration-missing",,34.79,"calibration-missing",,43.22,"calibration-missing",,40,"calibration-missing",,12.18,"sensor-ready",12.18,13.35,"sensor-ready",13.35,13.26,"calibration-missing",,11.36,"sensor-ready",11.36,26.15,"calibrated-ready",15.46,26,"calibrated-ready",15,24.93,"calibrated-ready",15.38,50,"calibrated-ready",31,3,"calibrated-ready",2,28.85,"calibrated-ready",15.97,88,"calibrated-ready",64,11.93,"sensor-ready",11.93,13.13,"sensor-ready",13.13,,,,61.17,"sensor-ready",61.17,,,,,,,-8.24,"sensor-ready",-8.24,,,,,,,,,,,,
"DYITV0908","A44MFTF3","CLARITY_NODE","hour","2026-02-05T10:00:00.000Z","2026-02-05T11:00:00.000Z",40.31562660,-76.89596917,,,,,,,,,,,,,,,,,,,,,,,,,,,,,,,,,,,,,0.17,"calibration-missing",,18.90,"calibration-missing",,1,"calibration-missing",,17,"calibration-missing",,19,"calibration-missing",,-13.81,"calibration-missing",,5.09,"calibration-missing",,-0.28,"calibration-missing",,,,,78.02,"calibration-missing",,78,"calibration-missing",,41.93,"calibration-missing",,72.51,"calibration-missing",,59,"calibration-missing",,23.05,"sensor-ready",23.05,17.03,"sensor-ready",17.03,25.46,"calibration-missing",,21.44,"sensor-ready",21.44,51.54,"calibrated-ready",23.89,52,"calibrated-ready",24,30.94,"calibrated-ready",16.52,80,"calibrated-ready",33,3,"calibrated-ready",2,47.95,"calibrated-ready",22.42,132,"calibrated-ready",76,22.65,"sensor-ready",22.65,16.77,"sensor-ready",16.77,,,,70.21,"sensor-ready",70.21,,,,,,,-9.54,"sensor-ready",-9.54,,,,,,,,,,,,
"DALCU7773","A93NM49L","CLARITY_NODE","hour","2026-02-05T11:00:00.000Z","2026-02-05T12:00:00.000Z",40.31562549,-76.89598085,,,,,,,,,,,,,,,,,,,,,,,,,,,,,,,,,,,,,0.13,"calibration-missing",,21.88,"calibration-missing",,1,"calibration-missing",,20,"calibration-missing",,22,"calibration-missing",,-7.00,"calibration-missing",,14.88,"calibration-missing",,-5.00,"calibration-missing",,,,,82.88,"calibration-missing",,83,"calibration-missing",,46.07,"calibration-missing",,81.23,"calibration-missing",,64,"calibration-missing",,24.27,"sensor-ready",24.27,17.36,"sensor-ready",17.36,27.16,"calibration-missing",,22.52,"sensor-ready",22.52,57.65,"calibrated-ready",24.26,58,"calibrated-ready",24,34.42,"calibrated-ready",17.36,97,"calibrated-ready",35,3,"calibrated-ready",2,56.67,"calibrated-ready",23.95,152,"calibrated-ready",79,23.72,"sensor-ready",23.72,17.03,"sensor-ready",17.03,,,,72.76,"sensor-ready",72.76,,,,,,,-10.25,"sensor-ready",-10.25,,,,,,,,,,,,
"DSCFB3568","A47HWW6V","CLARITY_NODE","hour","2026-02-05T11:00:00.000Z","2026-02-05T12:00:00.000Z",40.26430100,-76.85122000,,,,,,,,,,,,,,,,,,,,,,,,,,,,,,,,,,,,,0.20,"calibration-missing",,29.54,"calibration-missing",,1,"calibration-missing",,27,"calibration-missing",,30,"calibration-missing",,-8.53,"calibration-missing",,21.01,"calibration-missing",,-18.51,"calibration-missing",,,,,41.76,"calibration-missing",,42,"calibration-missing",,34.60,"calibration-missing",,42.57,"calibration-missing",,39,"calibration-missing",,12.32,"sensor-ready",12.32,13.22,"sensor-ready",13.22,13.75,"calibration-missing",,11.44,"sensor-ready",11.44,27.71,"calibrated-ready",15.13,28,"calibrated-ready",15,24.80,"calibrated-ready",15.26,50,"calibrated-ready",30,3,"calibrated-ready",2,28.53,"calibrated-ready",15.84,87,"calibrated-ready",63,12.10,"sensor-ready",12.10,13.00,"sensor-ready",13.00,,,,62.69,"sensor-ready",62.69,,,,,,,-8.90,"sensor-ready",-8.90,,,,,,,,,,,,
"DYITV0908","A44MFTF3","CLARITY_NODE","hour","2026-02-05T11:00:00.000Z","2026-02-05T12:00:00.000Z",40.31562660,-76.89596917,,,,,,,,,,,,,,,,,,,,,,,,,,,,,,,,,,,,,0.17,"calibration-missing",,21.81,"calibration-missing",,1,"calibration-missing",,20,"calibration-missing",,22,"calibration-missing",,-11.65,"calibration-missing",,10.16,"calibration-missing",,-3.97,"calibration-missing",,,,,77.33,"calibration-missing",,77,"calibration-missing",,43.36,"calibration-missing",,74.93,"calibration-missing",,60,"calibration-missing",,23.26,"sensor-ready",23.26,17.22,"sensor-ready",17.22,26.67,"calibration-missing",,21.67,"sensor-ready",21.67,53.73,"calibrated-ready",23.12,54,"calibrated-ready",23,31.83,"calibrated-ready",16.76,84,"calibrated-ready",33,3,"calibrated-ready",2,50.84,"calibrated-ready",22.77,139,"calibrated-ready",76,22.81,"sensor-ready",22.81,16.96,"sensor-ready",16.96,,,,71.99,"sensor-ready",71.99,,,,,,,-10.30,"sensor-ready",-10.30,,,,,,,,,,,,
"DALCU7773","A93NM49L","CLARITY_NODE","hour","2026-02-05T12:00:00.000Z","2026-02-05T13:00:00.000Z",40.31562549,-76.89598085,,,,,,,,,,,,,,,,,,,,,,,,,,,,,,,,,,,,,0.14,"calibration-missing",,22.52,"calibration-missing",,1,"calibration-missing",,21,"calibration-missing",,23,"calibration-missing",,-4.95,"calibration-missing",,17.57,"calibration-missing",,-3.97,"calibration-missing",,,,,86.91,"calibration-missing",,87,"calibration-missing",,47.47,"calibration-missing",,84.08,"calibration-missing",,65,"calibration-missing",,25.13,"sensor-ready",25.13,17.58,"sensor-ready",17.58,28.28,"calibration-missing",,23.28,"sensor-ready",23.28,59.90,"calibrated-ready",25.41,60,"calibrated-ready",25,35.23,"calibrated-ready",17.59,101,"calibrated-ready",35,3,"calibrated-ready",2,58.29,"calibrated-ready",24.58,153,"calibrated-ready",80,24.50,"sensor-ready",24.50,17.24,"sensor-ready",17.24,,,,72.44,"sensor-ready",72.44,,,,,,,-10.13,"sensor-ready",-10.13,,,,,,,,,,,,
"DSCFB3568","A47HWW6V","CLARITY_NODE","hour","2026-02-05T12:00:00.000Z","2026-02-05T13:00:00.000Z",40.26430100,-76.85122000,,,,,,,,,,,,,,,,,,,,,,,,,,,,,,,,,,,,,0.40,"calibration-missing",,32.08,"calibration-missing",,1,"calibration-missing",,30,"calibration-missing",,32,"calibration-missing",,3.99,"calibration-missing",,36.07,"calibration-missing",,-19.77,"calibration-missing",,,,,45.00,"calibration-missing",,45,"calibration-missing",,34.36,"calibration-missing",,43.32,"calibration-missing",,40,"calibration-missing",,13.73,"sensor-ready",13.73,13.10,"sensor-ready",13.10,15.70,"calibration-missing",,12.85,"sensor-ready",12.85,30.83,"calibrated-ready",15.94,31,"calibrated-ready",16,24.60,"calibrated-ready",15.11,49,"calibrated-ready",30,3,"calibrated-ready",2,29.12,"calibrated-ready",15.85,88,"calibrated-ready",63,13.50,"sensor-ready",13.50,12.89,"sensor-ready",12.89,,,,63.94,"sensor-ready",63.94,,,,,,,-9.25,"sensor-ready",-9.25,,,,,,,,,,,,
"DYITV0908","A44MFTF3","CLARITY_NODE","hour","2026-02-05T12:00:00.000Z","2026-02-05T13:00:00.000Z",40.31562660,-76.89596917,,,,,,,,,,,,,,,,,,,,,,,,,,,,,,,,,,,,,0.19,"calibration-missing",,22.73,"calibration-missing",,1,"calibration-missing",,21,"calibration-missing",,23,"calibration-missing",,-9.60,"calibration-missing",,13.13,"calibration-missing",,-3.64,"calibration-missing",,,,,79.63,"calibration-missing",,80,"calibration-missing",,44.63,"calibration-missing",,77.29,"calibration-missing",,62,"calibration-missing",,23.60,"sensor-ready",23.60,17.36,"sensor-ready",17.36,26.62,"calibration-missing",,21.97,"sensor-ready",21.97,52.54,"calibrated-ready",24.02,53,"calibrated-ready",24,32.48,"calibrated-ready",16.97,87,"calibrated-ready",34,3,"calibrated-ready",2,51.61,"calibrated-ready",23.08,141,"calibrated-ready",77,23.12,"sensor-ready",23.12,17.09,"sensor-ready",17.09,,,,71.39,"sensor-ready",71.39,,,,,,,-10.14,"sensor-ready",-10.14,,,,,,,,,,,,
"DALCU7773","A93NM49L","CLARITY_NODE","hour","2026-02-05T13:00:00.000Z","2026-02-05T14:00:00.000Z",40.31562549,-76.89598085,,,,,,,,,,,,,,,,,,,,,,,,,,,,,,,,,,,,,0.17,"calibration-missing",,18.40,"calibration-missing",,1,"calibration-missing",,17,"calibration-missing",,18,"calibration-missing",,-1.63,"calibration-missing",,16.77,"calibration-missing",,-1.41,"calibration-missing",,,,,90.59,"calibration-missing",,91,"calibration-missing",,49.39,"calibration-missing",,86.74,"calibration-missing",,66,"calibration-missing",,27.34,"sensor-ready",27.34,17.96,"sensor-ready",17.96,29.74,"calibration-missing",,25.31,"sensor-ready",25.31,61.28,"calibrated-ready",28.67,61,"calibrated-ready",29,36.33,"calibrated-ready",18.01,107,"calibrated-ready",36,4,"calibrated-ready",2,59.01,"calibrated-ready",26.13,153,"calibrated-ready",83,26.69,"sensor-ready",26.69,17.61,"sensor-ready",17.61,,,,66.30,"sensor-ready",66.30,,,,,,,-7.97,"sensor-ready",-7.97,,,,,,,,,,,,
"DSCFB3568","A47HWW6V","CLARITY_NODE","hour","2026-02-05T13:00:00.000Z","2026-02-05T14:00:00.000Z",40.26430100,-76.85122000,,,,,,,,,,,,,,,,,,,,,,,,,,,,,,,,,,,,,0.69,"calibration-missing",,22.74,"calibration-missing",,1,"calibration-missing",,21,"calibration-missing",,23,"calibration-missing",,-1.09,"calibration-missing",,21.65,"calibration-missing",,-11.70,"calibration-missing",,,,,147.32,"calibration-missing",,147,"calibration-missing",,38.70,"calibration-missing",,95.57,"calibration-missing",,71,"calibration-missing",,38.92,"sensor-ready",38.92,14.11,"sensor-ready",14.11,34.92,"calibration-missing",,35.57,"sensor-ready",35.57,71.61,"calibrated-ready",51.22,72,"calibrated-ready",51,26.37,"calibrated-ready",16.51,57,"calibrated-ready",33,3,"calibrated-ready",2,50.56,"calibrated-ready",33.49,138,"calibrated-ready",96,37.91,"sensor-ready",37.91,13.86,"sensor-ready",13.86,,,,58.21,"sensor-ready",58.21,,,,,,,-7.41,"sensor-ready",-7.41,,,,,,,,,,,,
"DYITV0908","A44MFTF3","CLARITY_NODE","hour","2026-02-05T13:00:00.000Z","2026-02-05T14:00:00.000Z",40.31562660,-76.89596917,,,,,,,,,,,,,,,,,,,,,,,,,,,,,,,,,,,,,0.22,"calibration-missing",,16.27,"calibration-missing",,1,"calibration-missing",,15,"calibration-missing",,16,"calibration-missing",,-5.91,"calibration-missing",,10.36,"calibration-missing",,0.85,"calibration-missing",,1,"calibration-missing",,81.85,"calibration-missing",,82,"calibration-missing",,46.40,"calibration-missing",,79.18,"calibration-missing",,63,"calibration-missing",,26.53,"sensor-ready",26.53,17.71,"sensor-ready",17.71,29.58,"calibration-missing",,24.73,"sensor-ready",24.73,57.63,"calibrated-ready",26.66,58,"calibrated-ready",27,33.59,"calibrated-ready",17.37,93,"calibrated-ready",35,3,"calibrated-ready",2,53.94,"calibrated-ready",24.56,146,"calibrated-ready",80,26.01,"sensor-ready",26.01,17.43,"sensor-ready",17.43,,,,65.41,"sensor-ready",65.41,,,,,,,-8.05,"sensor-ready",-8.05,,,,,,,,,,,,
"DALCU7773","A93NM49L","CLARITY_NODE","hour","2026-02-05T14:00:00.000Z","2026-02-05T15:00:00.000Z",40.31562549,-76.89598085,,,,,,,,,,,,,,,,,,,,,,,,,,,,,,,,,,,,,0.13,"calibration-missing",,7.68,"calibration-missing",,1,"calibration-missing",,7,"calibration-missing",,8,"calibration-missing",,-5.44,"calibration-missing",,2.25,"calibration-missing",,10.08,"calibration-missing",,10,"calibration-missing",,52.54,"calibration-missing",,53,"calibration-missing",,50.31,"calibration-missing",,72.07,"calibration-missing",,59,"calibration-missing",,20.22,"sensor-ready",20.22,18.16,"sensor-ready",18.16,19.52,"calibration-missing",,18.90,"sensor-ready",18.90,40.12,"calibrated-ready",20.91,40,"calibrated-ready",21,36.95,"calibrated-ready",18.25,110,"calibrated-ready",36,4,"calibrated-ready",2,52.02,"calibrated-ready",24.07,142,"calibrated-ready",79,19.85,"sensor-ready",19.85,17.80,"sensor-ready",17.80,,,,53.97,"sensor-ready",53.97,,,,,,,-3.86,"sensor-ready",-3.86,,,,,,,,,,,,
"DSCFB3568","A47HWW6V","CLARITY_NODE","hour","2026-02-05T14:00:00.000Z","2026-02-05T15:00:00.000Z",40.26430100,-76.85122000,,,,,,,,,,,,,,,,,,,,,,,,,,,,,,,,,,,,,0.41,"calibration-missing",,-3.16,"calibration-missing",,,,,,,,,,,-8.10,"calibration-missing",,-11.26,"calibration-missing",,5.21,"calibration-missing",,5,"calibration-missing",,32.64,"calibration-missing",,33,"calibration-missing",,38.55,"calibration-missing",,64.10,"calibration-missing",,55,"calibration-missing",,13.06,"sensor-ready",13.06,14.06,"sensor-ready",14.06,13.05,"calibration-missing",,12.23,"sensor-ready",12.23,24.95,"calibrated-ready",15.35,25,"calibrated-ready",15,26.28,"calibrated-ready",16.46,56,"calibrated-ready",33,3,"calibrated-ready",2,37.76,"calibrated-ready",24.42,106,"calibrated-ready",80,12.85,"sensor-ready",12.85,13.82,"sensor-ready",13.82,,,,46.62,"sensor-ready",46.62,,,,,,,-2.22,"sensor-ready",-2.22,,,,,,,,,,,,
"DYITV0908","A44MFTF3","CLARITY_NODE","hour","2026-02-05T14:00:00.000Z","2026-02-05T15:00:00.000Z",40.31562660,-76.89596917,,,,,,,,,,,,,,,,,,,,,,,,,,,,,,,,,,,,,0.16,"calibration-missing",,6.48,"calibration-missing",,1,"calibration-missing",,6,"calibration-missing",,6,"calibration-missing",,-8.25,"calibration-missing",,-1.77,"calibration-missing",,10.30,"calibration-missing",,10,"calibration-missing",,49.44,"calibration-missing",,49,"calibration-missing",,47.19,"calibration-missing",,66.88,"calibration-missing",,56,"calibration-missing",,19.64,"sensor-ready",19.64,17.84,"sensor-ready",17.84,19.62,"calibration-missing",,18.41,"sensor-ready",18.41,36.51,"calibrated-ready",19.70,37,"calibrated-ready",20,34.07,"calibrated-ready",17.56,95,"calibrated-ready",35,3,"calibrated-ready",2,46.97,"calibrated-ready",22.66,129,"calibrated-ready",76,19.35,"sensor-ready",19.35,17.56,"sensor-ready",17.56,,,,55.21,"sensor-ready",55.21,,,,,,,-4.52,"sensor-ready",-4.52,,,,,,,,,,,,
"DALCU7773","A93NM49L","CLARITY_NODE","hour","2026-02-05T15:00:00.000Z","2026-02-05T16:00:00.000Z",40.31562549,-76.89598085,,,,,,,,,,,,,,,,,,,,,,,,,,,,,,,,,,,,,0.08,"calibration-missing",,5.28,"calibration-missing",,1,"calibration-missing",,5,"calibration-missing",,5,"calibration-missing",,-10.04,"calibration-missing",,-4.76,"calibration-missing",,20.00,"calibration-missing",,20,"calibration-missing",,40.49,"calibration-missing",,40,"calibration-missing",,50.73,"calibration-missing",,55.22,"calibration-missing",,51,"calibration-missing",,18.54,"sensor-ready",18.54,18.24,"sensor-ready",18.24,16.47,"calibration-missing",,17.36,"sensor-ready",17.36,32.40,"calibrated-ready",18.57,32,"calibrated-ready",19,37.24,"calibrated-ready",18.36,111,"calibrated-ready",37,4,"calibrated-ready",2,41.92,"calibrated-ready",22.13,117,"calibrated-ready",75,18.25,"sensor-ready",18.25,17.88,"sensor-ready",17.88,,,,47.44,"sensor-ready",47.44,,,,,,,-0.90,"sensor-ready",-0.90,,,,,,,,,,,,
"DSCFB3568","A47HWW6V","CLARITY_NODE","hour","2026-02-05T15:00:00.000Z","2026-02-05T16:00:00.000Z",40.26430100,-76.85122000,,,,,,,,,,,,,,,,,,,,,,,,,,,,,,,,,,,,,0.19,"calibration-missing",,-3.81,"calibration-missing",,,,,,,,,,,-9.06,"calibration-missing",,-12.87,"calibration-missing",,10.52,"calibration-missing",,11,"calibration-missing",,37.43,"calibration-missing",,37,"calibration-missing",,38.79,"calibration-missing",,50.77,"calibration-missing",,46,"calibration-missing",,15.96,"sensor-ready",15.96,14.16,"sensor-ready",14.16,15.01,"calibration-missing",,14.99,"sensor-ready",14.99,27.23,"calibrated-ready",18.02,27,"calibrated-ready",18,26.47,"calibrated-ready",16.56,57,"calibrated-ready",33,3,"calibrated-ready",2,32.49,"calibrated-ready",21.22,94,"calibrated-ready",74,15.74,"sensor-ready",15.74,13.91,"sensor-ready",13.91,,,,41.14,"sensor-ready",41.14,,,,,,,0.75,"sensor-ready",0.75,,,,,,,,,,,,
"DYITV0908","A44MFTF3","CLARITY_NODE","hour","2026-02-05T15:00:00.000Z","2026-02-05T16:00:00.000Z",40.31562660,-76.89596917,,,,,,,,,,,,,,,,,,,,,,,,,,,,,,,,,,,,,0.12,"calibration-missing",,1.49,"calibration-missing",,1,"calibration-missing",,1,"calibration-missing",,1,"calibration-missing",,-11.64,"calibration-missing",,-10.15,"calibration-missing",,18.91,"calibration-missing",,19,"calibration-missing",,37.54,"calibration-missing",,38,"calibration-missing",,47.46,"calibration-missing",,51.02,"calibration-missing",,47,"calibration-missing",,16.70,"sensor-ready",16.70,17.82,"sensor-ready",17.82,15.33,"calibration-missing",,15.70,"sensor-ready",15.70,28.18,"calibrated-ready",16.81,28,"calibrated-ready",17,34.20,"calibrated-ready",17.61,96,"calibrated-ready",35,3,"calibrated-ready",2,36.88,"calibrated-ready",20.49,104,"calibrated-ready",72,16.45,"sensor-ready",16.45,17.54,"sensor-ready",17.54,,,,50.20,"sensor-ready",50.20,,,,,,,-2.11,"sensor-ready",-2.11,,,,,,,,,,,,
"DALCU7773","A93NM49L","CLARITY_NODE","hour","2026-02-05T16:00:00.000Z","2026-02-05T17:00:00.000Z",40.31562549,-76.89598085,,,,,,,,,,,,,,,,,,,,,,,,,,,,,,,,,,,,,0.07,"calibration-missing",,4.16,"calibration-missing",,1,"calibration-missing",,4,"calibration-missing",,4,"calibration-missing",,-9.28,"calibration-missing",,-5.13,"calibration-missing",,22.28,"calibration-missing",,22,"calibration-missing",,42.69,"calibration-missing",,43,"calibration-missing",,51.39,"calibration-missing",,48.95,"calibration-missing",,44,"calibration-missing",,21.53,"sensor-ready",21.53,18.46,"sensor-ready",18.46,18.03,"calibration-missing",,20.21,"sensor-ready",20.21,34.53,"calibrated-ready",20.36,35,"calibrated-ready",20,37.72,"calibrated-ready",18.59,114,"calibrated-ready",37,4,"calibrated-ready",2,38.43,"calibrated-ready",21.51,108,"calibrated-ready",74,21.22,"sensor-ready",21.22,18.10,"sensor-ready",18.10,,,,44.13,"sensor-ready",44.13,,,,,,,0.59,"sensor-ready",0.59,,,,,,,,,,,,
"DSCFB3568","A47HWW6V","CLARITY_NODE","hour","2026-02-05T16:00:00.000Z","2026-02-05T17:00:00.000Z",40.26430100,-76.85122000,,,,,,,,,,,,,,,,,,,,,,,,,,,,,,,,,,,,,0.12,"calibration-missing",,8.39,"calibration-missing",,1,"calibration-missing",,8,"calibration-missing",,8,"calibration-missing",,-9.59,"calibration-missing",,-1.20,"calibration-missing",,12.79,"calibration-missing",,13,"calibration-missing",,39.61,"calibration-missing",,40,"calibration-missing",,39.23,"calibration-missing",,45.19,"calibration-missing",,42,"calibration-missing",,17.78,"sensor-ready",17.78,14.26,"sensor-ready",14.26,15.97,"calibration-missing",,16.69,"sensor-ready",16.69,28.71,"calibrated-ready",19.12,29,"calibrated-ready",19,26.71,"calibrated-ready",16.71,59,"calibrated-ready",33,3,"calibrated-ready",2,30.60,"calibrated-ready",20.17,91,"calibrated-ready",71,17.54,"sensor-ready",17.54,14.02,"sensor-ready",14.02,,,,40.47,"sensor-ready",40.47,,,,,,,1.81,"sensor-ready",1.81,,,,,,,,,,,,
"DYITV0908","A44MFTF3","CLARITY_NODE","hour","2026-02-05T16:00:00.000Z","2026-02-05T17:00:00.000Z",40.31562660,-76.89596917,,,,,,,,,,,,,,,,,,,,,,,,,,,,,,,,,,,,,0.10,"calibration-missing",,2.39,"calibration-missing",,1,"calibration-missing",,2,"calibration-missing",,2,"calibration-missing",,-12.63,"calibration-missing",,-10.24,"calibration-missing",,20.86,"calibration-missing",,21,"calibration-missing",,44.14,"calibration-missing",,44,"calibration-missing",,48.11,"calibration-missing",,47.58,"calibration-missing",,44,"calibration-missing",,20.43,"sensor-ready",20.43,17.98,"sensor-ready",17.98,18.24,"calibration-missing",,19.23,"sensor-ready",19.23,33.55,"calibrated-ready",19.93,34,"calibrated-ready",20,34.60,"calibrated-ready",17.81,98,"calibrated-ready",36,3,"calibrated-ready",2,35.21,"calibrated-ready",20.28,100,"calibrated-ready",72,20.14,"sensor-ready",20.14,17.70,"sensor-ready",17.70,,,,47.27,"sensor-ready",47.27,,,,,,,-0.48,"sensor-ready",-0.48,,,,,,,,,,,,
"DALCU7773","A93NM49L","CLARITY_NODE","hour","2026-02-05T17:00:00.000Z","2026-02-05T18:00:00.000Z",40.31562549,-76.89598085,,,,,,,,,,,,,,,,,,,,,,,,,,,,,,,,,,,,,0.07,"calibration-missing",,9.35,"calibration-missing",,1,"calibration-missing",,8,"calibration-missing",,9,"calibration-missing",,-10.50,"calibration-missing",,-1.16,"calibration-missing",,26.29,"calibration-missing",,26,"calibration-missing",,40.90,"calibration-missing",,41,"calibration-missing",,52.06,"calibration-missing",,44.92,"calibration-missing",,41,"calibration-missing",,21.64,"sensor-ready",21.64,18.72,"sensor-ready",18.72,17.98,"calibration-missing",,20.27,"sensor-ready",20.27,34.33,"calibrated-ready",20.01,34,"calibrated-ready",20,38.23,"calibrated-ready",18.83,116,"calibrated-ready",38,4,"calibrated-ready",2,36.50,"calibrated-ready",20.98,103,"calibrated-ready",73,21.31,"sensor-ready",21.31,18.35,"sensor-ready",18.35,,,,43.42,"sensor-ready",43.42,,,,,,,1.37,"sensor-ready",1.37,,,,,,,,,,,,
"DSCFB3568","A47HWW6V","CLARITY_NODE","hour","2026-02-05T17:00:00.000Z","2026-02-05T18:00:00.000Z",40.26430100,-76.85122000,,,,,,,,,,,,,,,,,,,,,,,,,,,,,,,,,,,,,0.11,"calibration-missing",,8.30,"calibration-missing",,1,"calibration-missing",,8,"calibration-missing",,8,"calibration-missing",,-11.32,"calibration-missing",,-3.02,"calibration-missing",,16.91,"calibration-missing",,17,"calibration-missing",,37.81,"calibration-missing",,38,"calibration-missing",,39.97,"calibration-missing",,41.50,"calibration-missing",,38,"calibration-missing",,18.69,"sensor-ready",18.69,14.52,"sensor-ready",14.52,16.69,"calibration-missing",,17.63,"sensor-ready",17.63,29.21,"calibrated-ready",19.22,29,"calibrated-ready",19,27.21,"calibrated-ready",16.98,61,"calibrated-ready",34,3,"calibrated-ready",2,29.91,"calibrated-ready",19.70,90,"calibrated-ready",71,18.44,"sensor-ready",18.44,14.27,"sensor-ready",14.27,,,,37.92,"sensor-ready",37.92,,,,,,,3.44,"sensor-ready",3.44,,,,,,,,,,,,
"DYITV0908","A44MFTF3","CLARITY_NODE","hour","2026-02-05T17:00:00.000Z","2026-02-05T18:00:00.000Z",40.31562660,-76.89596917,,,,,,,,,,,,,,,,,,,,,,,,,,,,,,,,,,,,,0.09,"calibration-missing",,7.01,"calibration-missing",,1,"calibration-missing",,7,"calibration-missing",,7,"calibration-missing",,-14.93,"calibration-missing",,-7.92,"calibration-missing",,22.16,"calibration-missing",,22,"calibration-missing",,38.47,"calibration-missing",,38,"calibration-missing",,48.78,"calibration-missing",,43.02,"calibration-missing",,40,"calibration-missing",,21.47,"sensor-ready",21.47,18.27,"sensor-ready",18.27,18.60,"calibration-missing",,20.24,"sensor-ready",20.24,32.67,"calibrated-ready",18.76,33,"calibrated-ready",19,35.15,"calibrated-ready",18.05,101,"calibrated-ready",36,3,"calibrated-ready",2,33.94,"calibrated-ready",19.72,97,"calibrated-ready",71,21.25,"sensor-ready",21.25,17.98,"sensor-ready",17.98,,,,46.08,"sensor-ready",46.08,,,,,,,0.40,"sensor-ready",0.40,,,,,,,,,,,,
"DALCU7773","A93NM49L","CLARITY_NODE","hour","2026-02-05T18:00:00.000Z","2026-02-05T19:00:00.000Z",40.31562549,-76.89598085,,,,,,,,,,,,,,,,,,,,,,,,,,,,,,,,,,,,,0.07,"calibration-missing",,9.75,"calibration-missing",,1,"calibration-missing",,8,"calibration-missing",,10,"calibration-missing",,-9.80,"calibration-missing",,-0.05,"calibration-missing",,25.74,"calibration-missing",,26,"calibration-missing",,45.52,"calibration-missing",,46,"calibration-missing",,53.08,"calibration-missing",,45.22,"calibration-missing",,42,"calibration-missing",,23.32,"sensor-ready",23.32,19.12,"sensor-ready",19.12,19.17,"calibration-missing",,21.84,"sensor-ready",21.84,37.26,"calibrated-ready",21.96,37,"calibrated-ready",22,39.03,"calibrated-ready",19.20,120,"calibrated-ready",38,4,"calibrated-ready",2,36.85,"calibrated-ready",21.33,104,"calibrated-ready",74,22.96,"sensor-ready",22.96,18.74,"sensor-ready",18.74,,,,42.17,"sensor-ready",42.17,,,,,,,1.73,"sensor-ready",1.73,,,,,,,,,,,,
"DSCFB3568","A47HWW6V","CLARITY_NODE","hour","2026-02-05T18:00:00.000Z","2026-02-05T19:00:00.000Z",40.26430100,-76.85122000,,,,,,,,,,,,,,,,,,,,,,,,,,,,,,,,,,,,,0.13,"calibration-missing",,12.08,"calibration-missing",,1,"calibration-missing",,11,"calibration-missing",,12,"calibration-missing",,-13.71,"calibration-missing",,-1.63,"calibration-missing",,18.83,"calibration-missing",,19,"calibration-missing",,37.34,"calibration-missing",,37,"calibration-missing",,40.68,"calibration-missing",,39.42,"calibration-missing",,36,"calibration-missing",,19.20,"sensor-ready",19.20,14.83,"sensor-ready",14.83,16.31,"calibration-missing",,18.06,"sensor-ready",18.06,29.45,"calibrated-ready",19.41,29,"calibrated-ready",19,27.74,"calibrated-ready",17.26,64,"calibrated-ready",34,3,"calibrated-ready",2,29.68,"calibrated-ready",19.55,89,"calibrated-ready",70,18.94,"sensor-ready",18.94,14.57,"sensor-ready",14.57,,,,36.55,"sensor-ready",36.55,,,,,,,4.39,"sensor-ready",4.39,,,,,,,,,,,,
"DYITV0908","A44MFTF3","CLARITY_NODE","hour","2026-02-05T18:00:00.000Z","2026-02-05T19:00:00.000Z",40.31562660,-76.89596917,,,,,,,,,,,,,,,,,,,,,,,,,,,,,,,,,,,,,0.09,"calibration-missing",,9.25,"calibration-missing",,1,"calibration-missing",,8,"calibration-missing",,9,"calibration-missing",,-15.14,"calibration-missing",,-5.89,"calibration-missing",,22.79,"calibration-missing",,23,"calibration-missing",,46.77,"calibration-missing",,47,"calibration-missing",,49.87,"calibration-missing",,44.89,"calibration-missing",,41,"calibration-missing",,25.03,"sensor-ready",25.03,18.78,"sensor-ready",18.78,21.61,"calibration-missing",,23.60,"sensor-ready",23.60,38.11,"calibrated-ready",22.16,38,"calibrated-ready",22,36.02,"calibrated-ready",18.46,105,"calibrated-ready",37,4,"calibrated-ready",2,36.03,"calibrated-ready",20.62,102,"calibrated-ready",72,24.71,"sensor-ready",24.71,18.47,"sensor-ready",18.47,,,,44.62,"sensor-ready",44.62,,,,,,,1.12,"sensor-ready",1.12,,,,,,,,,,,,
