Location ID,Location Name,Location Group,Location Type,Sensor ID,Place Open,Local Date/Time,UTC Date/Time,# of aggregated records,PM2.5 (μg/m³) raw,PM2.5 (μg/m³) corrected,0.3μm particle count,CO2 (ppm) raw,CO2 (ppm) corrected,Temperature (°C) raw,Temperature (°C) corrected,Heat Index (°C),Humidity (%) raw,Humidity (%) corrected,TVOC (ppb),TVOC index,NOX index,PM1 (μg/m³),PM10 (μg/m³),measure0,measure1,measure2,measure3,measure4,measure5,measure6,measure7,measure8,measure9,measure10,measure11,measure12,measure13,measure14,measure15,measure16,measure17,measure18,measure19
192730,Collocation-Philly-New-002-02-New,,Outdoor,airgradient:588c813596c0,TRUE,6/3/2026 14:00,2026-06-03T18:00:00.000Z,20,1.7,1.9,375,,,,,,,,,,,0.7,2,,,,,,,,,,,,,,,,,,,,
192730,Collocation-Philly-New-002-02-New,,Outdoor,airgradient:588c813596c0,TRUE,6/3/2026 13:00,2026-06-03T17:00:00.000Z,20,1.2,1.7,350,,,,,,,,,,,0.6,1.3,,,,,,,,,,,,,,,,,,,,
192730,Collocation-Philly-New-002-02-New,,Outdoor,airgradient:588c813596c0,TRUE,6/3/2026 12:00,2026-06-03T16:00:00.000Z,20,1.4,1.8,358,,,,,,,,,,,0.6,1.5,,,,,,,,,,,,,,,,,,,,
192730,Collocation-Philly-New-002-02-New,,Outdoor,airgradient:588c813596c0,TRUE,6/3/2026 11:00,2026-06-03T15:00:00.000Z,20,2.2,2,394,,,,,,,,,,,1,2.3,,,,,,,,,,,,,,,,,,,,
192730,Collocation-Philly-New-002-02-New,,Outdoor,airgradient:588c813596c0,TRUE,6/3/2026 10:00,2026-06-03T14:00:00.000Z,20,1.7,1.9,378,,,,,,,,,,,0.8,1.9,,,,,,,,,,,,,,,,,,,,
192730,Collocation-Philly-New-002-02-New,,Outdoor,airgradient:588c813596c0,TRUE,6/3/2026 9:00,2026-06-03T13:00:00.000Z,20,1.6,1.8,366,,,,,,,,,,,0.7,1.8,,,,,,,,,,,,,,,,,,,,
192730,Collocation-Philly-New-002-02-New,,Outdoor,airgradient:588c813596c0,TRUE,6/3/2026 8:00,2026-06-03T12:00:00.000Z,20,1.5,1.9,372,,,,,,,,,,,0.6,1.7,,,,,,,,,,,,,,,,,,,,
192730,Collocation-Philly-New-002-02-New,,Outdoor,airgradient:588c813596c0,TRUE,6/3/2026 7:00,2026-06-03T11:00:00.000Z,20,2.5,2,400,,,,,,,,,,,1.2,2.8,,,,,,,,,,,,,,,,,,,,
192730,Collocation-Philly-New-002-02-New,,Outdoor,airgradient:588c813596c0,FALSE,6/3/2026 6:00,2026-06-03T10:00:00.000Z,20,2.7,2,404,,,,,,,,,,,1.3,3.1,,,,,,,,,,,,,,,,,,,,
192730,Collocation-Philly-New-002-02-New,,Outdoor,airgradient:588c813596c0,FALSE,6/3/2026 5:00,2026-06-03T09:00:00.000Z,19,2.8,2,402,,,,,,,,,,,1.4,3.1,,,,,,,,,,,,,,,,,,,,
192730,Collocation-Philly-New-002-02-New,,Outdoor,airgradient:588c813596c0,FALSE,6/3/2026 4:00,2026-06-03T08:00:00.000Z,20,2.4,2,393,,,,,,,,,,,1.2,2.7,,,,,,,,,,,,,,,,,,,,
192730,Collocation-Philly-New-002-02-New,,Outdoor,airgradient:588c813596c0,FALSE,6/3/2026 3:00,2026-06-03T07:00:00.000Z,20,2.5,1.9,389,,,,,,,,,,,1.2,2.7,,,,,,,,,,,,,,,,,,,,
192730,Collocation-Philly-New-002-02-New,,Outdoor,airgradient:588c813596c0,FALSE,6/3/2026 2:00,2026-06-03T06:00:00.000Z,20,1.7,1.8,360,,,,,,,,,,,0.7,1.9,,,,,,,,,,,,,,,,,,,,
192730,Collocation-Philly-New-002-02-New,,Outdoor,airgradient:588c813596c0,FALSE,6/3/2026 1:00,2026-06-03T05:00:00.000Z,20,1.6,1.8,350,,,,,,,,,,,0.4,1.7,,,,,,,,,,,,,,,,,,,,
192730,Collocation-Philly-New-002-02-New,,Outdoor,airgradient:588c813596c0,FALSE,6/3/2026 0:00,2026-06-03T04:00:00.000Z,20,1.6,1.8,352,,,,,,,,,,,0.6,1.9,,,,,,,,,,,,,,,,,,,,
192730,Collocation-Philly-New-002-02-New,,Outdoor,airgradient:588c813596c0,FALSE,6/2/2026 23:00,2026-06-03T03:00:00.000Z,20,1.9,1.8,363,,,,,,,,,,,0.8,2.3,,,,,,,,,,,,,,,,,,,,
192730,Collocation-Philly-New-002-02-New,,Outdoor,airgradient:588c813596c0,FALSE,6/2/2026 22:00,2026-06-03T02:00:00.000Z,20,1.8,1.8,363,,,,,,,,,,,0.7,2.1,,,,,,,,,,,,,,,,,,,,
192730,Collocation-Philly-New-002-02-New,,Outdoor,airgradient:588c813596c0,FALSE,6/2/2026 21:00,2026-06-03T01:00:00.000Z,20,0.7,1.6,317,,,,,,,,,,,0.3,0.9,,,,,,,,,,,,,,,,,,,,
192730,Collocation-Philly-New-002-02-New,,Outdoor,airgradient:588c813596c0,FALSE,6/2/2026 20:00,2026-06-03T00:00:00.000Z,20,0.2,1.4,281,,,,,,,,,,,0.1,0.3,,,,,,,,,,,,,,,,,,,,
192730,Collocation-Philly-New-002-02-New,,Outdoor,airgradient:588c813596c0,TRUE,6/2/2026 19:00,2026-06-02T23:00:00.000Z,20,0.8,1.6,313,,,,,,,,,,,0.4,0.9,,,,,,,,,,,,,,,,,,,,
192730,Collocation-Philly-New-002-02-New,,Outdoor,airgradient:588c813596c0,TRUE,6/2/2026 18:00,2026-06-02T22:00:00.000Z,19,0.5,1.5,300,,,,,,,,,,,0.2,0.6,,,,,,,,,,,,,,,,,,,,
192730,Collocation-Philly-New-002-02-New,,Outdoor,airgradient:588c813596c0,TRUE,6/2/2026 17:00,2026-06-02T21:00:00.000Z,20,0.7,1.6,319,,,,,,,,,,,0.4,0.8,,,,,,,,,,,,,,,,,,,,
192730,Collocation-Philly-New-002-02-New,,Outdoor,airgradient:588c813596c0,TRUE,6/2/2026 16:00,2026-06-02T20:00:00.000Z,20,1,1.7,339,,,,,,,,,,,0.5,1.1,,,,,,,,,,,,,,,,,,,,
192730,Collocation-Philly-New-002-02-New,,Outdoor,airgradient:588c813596c0,TRUE,6/2/2026 15:00,2026-06-02T19:00:00.000Z,20,0.9,1.7,333,,,,,,,,,,,0.3,1.1,,,,,,,,,,,,,,,,,,,,
192730,Collocation-Philly-New-002-02-New,,Outdoor,airgradient:588c813596c0,TRUE,6/2/2026 14:00,2026-06-02T18:00:00.000Z,20,0.7,1.7,330,,,,,,,,,,,0.3,0.8,,,,,,,,,,,,,,,,,,,,
192730,Collocation-Philly-New-002-02-New,,Outdoor,airgradient:588c813596c0,TRUE,6/2/2026 13:00,2026-06-02T17:00:00.000Z,20,0.8,1.6,327,,,,,,,,,,,0.3,1,,,,,,,,,,,,,,,,,,,,
192730,Collocation-Philly-New-002-02-New,,Outdoor,airgradient:588c813596c0,TRUE,6/2/2026 12:00,2026-06-02T16:00:00.000Z,20,0.7,1.6,320,,,,,,,,,,,0.2,0.8,,,,,,,,,,,,,,,,,,,,
192730,Collocation-Philly-New-002-02-New,,Outdoor,airgradient:588c813596c0,TRUE,6/2/2026 11:00,2026-06-02T15:00:00.000Z,20,0.9,1.6,326,,,,,,,,,,,0.3,1,,,,,,,,,,,,,,,,,,,,
192730,Collocation-Philly-New-002-02-New,,Outdoor,airgradient:588c813596c0,TRUE,6/2/2026 10:00,2026-06-02T14:00:00.000Z,20,1.3,1.7,350,,,,,,,,,,,0.6,1.4,,,,,,,,,,,,,,,,,,,,
192730,Collocation-Philly-New-002-02-New,,Outdoor,airgradient:588c813596c0,TRUE,6/2/2026 9:00,2026-06-02T13:00:00.000Z,20,1.7,1.9,374,,,,,,,,,,,0.7,2,,,,,,,,,,,,,,,,,,,,
192730,Collocation-Philly-New-002-02-New,,Outdoor,airgradient:588c813596c0,TRUE,6/2/2026 8:00,2026-06-02T12:00:00.000Z,20,3.7,2.3,452,,,,,,,,,,,2,4.1,,,,,,,,,,,,,,,,,,,,
192730,Collocation-Philly-New-002-02-New,,Outdoor,airgradient:588c813596c0,FALSE,6/2/2026 7:00,2026-06-02T11:00:00.000Z,19,3.4,2.2,434,,,,,,,,,,,1.7,3.7,,,,,,,,,,,,,,,,,,,,
192730,Collocation-Philly-New-002-02-New,,Outdoor,airgradient:588c813596c0,FALSE,6/2/2026 6:00,2026-06-02T10:00:00.000Z,20,4.5,2.4,471,,,,,,,,,,,2.4,4.9,,,,,,,,,,,,,,,,,,,,
192730,Collocation-Philly-New-002-02-New,,Outdoor,airgradient:588c813596c0,FALSE,6/2/2026 5:00,2026-06-02T09:00:00.000Z,20,3.7,2.2,444,,,,,,,,,,,1.9,4.1,,,,,,,,,,,,,,,,,,,,
192730,Collocation-Philly-New-002-02-New,,Outdoor,airgradient:588c813596c0,FALSE,6/2/2026 4:00,2026-06-02T08:00:00.000Z,20,3.1,2.1,421,,,,,,,,,,,1.6,3.4,,,,,,,,,,,,,,,,,,,,
192730,Collocation-Philly-New-002-02-New,,Outdoor,airgradient:588c813596c0,FALSE,6/2/2026 3:00,2026-06-02T07:00:00.000Z,20,2.9,2.1,422,,,,,,,,,,,1.6,3.2,,,,,,,,,,,,,,,,,,,,
192730,Collocation-Philly-New-002-02-New,,Outdoor,airgradient:588c813596c0,FALSE,6/2/2026 2:00,2026-06-02T06:00:00.000Z,20,2.7,2.1,412,,,,,,,,,,,1.4,3,,,,,,,,,,,,,,,,,,,,
192730,Collocation-Philly-New-002-02-New,,Outdoor,airgradient:588c813596c0,FALSE,6/2/2026 1:00,2026-06-02T05:00:00.000Z,20,2.3,2,394,,,,,,,,,,,1.1,2.5,,,,,,,,,,,,,,,,,,,,
192730,Collocation-Philly-New-002-02-New,,Outdoor,airgradient:588c813596c0,FALSE,6/2/2026 0:00,2026-06-02T04:00:00.000Z,20,2.3,1.9,389,,,,,,,,,,,1.2,2.5,,,,,,,,,,,,,,,,,,,,
192730,Collocation-Philly-New-002-02-New,,Outdoor,airgradient:588c813596c0,FALSE,6/1/2026 23:00,2026-06-02T03:00:00.000Z,20,3.1,2.2,440,,,,,,,,,,,1.7,3.4,,,,,,,,,,,,,,,,,,,,
192730,Collocation-Philly-New-002-02-New,,Outdoor,airgradient:588c813596c0,FALSE,6/1/2026 22:00,2026-06-02T02:00:00.000Z,20,1.8,1.9,383,,,,,,,,,,,0.9,2,,,,,,,,,,,,,,,,,,,,
192730,Collocation-Philly-New-002-02-New,,Outdoor,airgradient:588c813596c0,FALSE,6/1/2026 21:00,2026-06-02T01:00:00.000Z,20,0.4,1.4,286,,,,,,,,,,,0.1,0.4,,,,,,,,,,,,,,,,,,,,
192730,Collocation-Philly-New-002-02-New,,Outdoor,airgradient:588c813596c0,FALSE,6/1/2026 20:00,2026-06-02T00:00:00.000Z,20,0.1,1.3,261,,,,,,,,,,,0,0.1,,,,,,,,,,,,,,,,,,,,
192730,Collocation-Philly-New-002-02-New,,Outdoor,airgradient:588c813596c0,TRUE,6/1/2026 19:00,2026-06-01T23:00:00.000Z,19,0.1,1.3,260,,,,,,,,,,,0,0.2,,,,,,,,,,,,,,,,,,,,
192730,Collocation-Philly-New-002-02-New,,Outdoor,airgradient:588c813596c0,TRUE,6/1/2026 18:00,2026-06-01T22:00:00.000Z,20,0.1,1.3,255,,,,,,,,,,,0,0.2,,,,,,,,,,,,,,,,,,,,
192730,Collocation-Philly-New-002-02-New,,Outdoor,airgradient:588c813596c0,TRUE,6/1/2026 17:00,2026-06-01T21:00:00.000Z,20,0.3,1.4,275,,,,,,,,,,,0.1,0.3,,,,,,,,,,,,,,,,,,,,
192730,Collocation-Philly-New-002-02-New,,Outdoor,airgradient:588c813596c0,TRUE,6/1/2026 16:00,2026-06-01T20:00:00.000Z,20,0.3,1.4,287,,,,,,,,,,,0.1,0.3,,,,,,,,,,,,,,,,,,,,
192730,Collocation-Philly-New-002-02-New,,Outdoor,airgradient:588c813596c0,TRUE,6/1/2026 15:00,2026-06-01T19:00:00.000Z,20,0.4,1.5,293,,,,,,,,,,,0.2,0.5,,,,,,,,,,,,,,,,,,,,
192730,Collocation-Philly-New-002-02-New,,Outdoor,airgradient:588c813596c0,TRUE,6/1/2026 14:00,2026-06-01T18:00:00.000Z,20,0.5,1.5,306,,,,,,,,,,,0.2,0.5,,,,,,,,,,,,,,,,,,,,
192730,Collocation-Philly-New-002-02-New,,Outdoor,airgradient:588c813596c0,TRUE,6/1/2026 13:00,2026-06-01T17:00:00.000Z,20,0.7,1.6,318,,,,,,,,,,,0.2,0.8,,,,,,,,,,,,,,,,,,,,
192730,Collocation-Philly-New-002-02-New,,Outdoor,airgradient:588c813596c0,TRUE,6/1/2026 12:00,2026-06-01T16:00:00.000Z,20,0.4,1.5,304,,,,,,,,,,,0.1,0.5,,,,,,,,,,,,,,,,,,,,
192730,Collocation-Philly-New-002-02-New,,Outdoor,airgradient:588c813596c0,TRUE,6/1/2026 11:00,2026-06-01T15:00:00.000Z,20,0.7,1.6,324,,,,,,,,,,,0.3,0.8,,,,,,,,,,,,,,,,,,,,
192730,Collocation-Philly-New-002-02-New,,Outdoor,airgradient:588c813596c0,TRUE,6/1/2026 10:00,2026-06-01T14:00:00.000Z,20,0.7,1.6,319,,,,,,,,,,,0.3,0.7,,,,,,,,,,,,,,,,,,,,
192730,Collocation-Philly-New-002-02-New,,Outdoor,airgradient:588c813596c0,TRUE,6/1/2026 9:00,2026-06-01T13:00:00.000Z,20,0.9,1.6,326,,,,,,,,,,,0.4,1,,,,,,,,,,,,,,,,,,,,
192730,Collocation-Philly-New-002-02-New,,Outdoor,airgradient:588c813596c0,TRUE,6/1/2026 8:00,2026-06-01T12:00:00.000Z,19,1.7,1.9,371,,,,,,,,,,,0.7,1.9,,,,,,,,,,,,,,,,,,,,
192730,Collocation-Philly-New-002-02-New,,Outdoor,airgradient:588c813596c0,FALSE,6/1/2026 7:00,2026-06-01T11:00:00.000Z,20,2.9,2,406,,,,,,,,,,,1.3,3.2,,,,,,,,,,,,,,,,,,,,
192730,Collocation-Philly-New-002-02-New,,Outdoor,airgradient:588c813596c0,FALSE,6/1/2026 6:00,2026-06-01T10:00:00.000Z,20,3,2,404,,,,,,,,,,,1.4,3.4,,,,,,,,,,,,,,,,,,,,
192730,Collocation-Philly-New-002-02-New,,Outdoor,airgradient:588c813596c0,FALSE,6/1/2026 5:00,2026-06-01T09:00:00.000Z,20,2.6,2,391,,,,,,,,,,,1.3,3,,,,,,,,,,,,,,,,,,,,
192730,Collocation-Philly-New-002-02-New,,Outdoor,airgradient:588c813596c0,FALSE,6/1/2026 4:00,2026-06-01T08:00:00.000Z,20,2.7,1.9,389,,,,,,,,,,,1,3,,,,,,,,,,,,,,,,,,,,
192730,Collocation-Philly-New-002-02-New,,Outdoor,airgradient:588c813596c0,FALSE,6/1/2026 3:00,2026-06-01T07:00:00.000Z,20,1.9,1.8,367,,,,,,,,,,,0.9,2.3,,,,,,,,,,,,,,,,,,,,
192730,Collocation-Philly-New-002-02-New,,Outdoor,airgradient:588c813596c0,FALSE,6/1/2026 2:00,2026-06-01T06:00:00.000Z,20,2,1.8,367,,,,,,,,,,,0.8,2.2,,,,,,,,,,,,,,,,,,,,
192730,Collocation-Philly-New-002-02-New,,Outdoor,airgradient:588c813596c0,FALSE,6/1/2026 1:00,2026-06-01T05:00:00.000Z,20,2.1,1.9,373,,,,,,,,,,,0.9,2.4,,,,,,,,,,,,,,,,,,,,
192730,Collocation-Philly-New-002-02-New,,Outdoor,airgradient:588c813596c0,FALSE,6/1/2026 0:00,2026-06-01T04:00:00.000Z,20,1.9,1.8,369,,,,,,,,,,,0.9,2.2,,,,,,,,,,,,,,,,,,,,
192730,Collocation-Philly-New-002-02-New,,Outdoor,airgradient:588c813596c0,FALSE,5/31/2026 23:00,2026-06-01T03:00:00.000Z,20,2.3,2,390,,,,,,,,,,,1,2.5,,,,,,,,,,,,,,,,,,,,
192730,Collocation-Philly-New-002-02-New,,Outdoor,airgradient:588c813596c0,FALSE,5/31/2026 22:00,2026-06-01T02:00:00.000Z,20,2.6,2,400,,,,,,,,,,,1.3,2.8,,,,,,,,,,,,,,,,,,,,
192730,Collocation-Philly-New-002-02-New,,Outdoor,airgradient:588c813596c0,FALSE,5/31/2026 21:00,2026-06-01T01:00:00.000Z,19,2.4,2,395,,,,,,,,,,,1.1,2.6,,,,,,,,,,,,,,,,,,,,
192730,Collocation-Philly-New-002-02-New,,Outdoor,airgradient:588c813596c0,FALSE,5/31/2026 20:00,2026-06-01T00:00:00.000Z,20,1.1,1.7,338,,,,,,,,,,,0.4,1.4,,,,,,,,,,,,,,,,,,,,
192730,Collocation-Philly-New-002-02-New,,Outdoor,airgradient:588c813596c0,TRUE,5/31/2026 19:00,2026-05-31T23:00:00.000Z,20,0.4,1.5,299,,,,,,,,,,,0.1,0.6,,,,,,,,,,,,,,,,,,,,
192730,Collocation-Philly-New-002-02-New,,Outdoor,airgradient:588c813596c0,TRUE,5/31/2026 18:00,2026-05-31T22:00:00.000Z,20,0.4,1.4,290,,,,,,,,,,,0.1,0.4,,,,,,,,,,,,,,,,,,,,
192730,Collocation-Philly-New-002-02-New,,Outdoor,airgradient:588c813596c0,TRUE,5/31/2026 17:00,2026-05-31T21:00:00.000Z,20,0.4,1.5,291,,,,,,,,,,,0.1,0.5,,,,,,,,,,,,,,,,,,,,
192730,Collocation-Philly-New-002-02-New,,Outdoor,airgradient:588c813596c0,TRUE,5/31/2026 16:00,2026-05-31T20:00:00.000Z,20,0.4,1.5,302,,,,,,,,,,,0.2,0.6,,,,,,,,,,,,,,,,,,,,
192730,Collocation-Philly-New-002-02-New,,Outdoor,airgradient:588c813596c0,TRUE,5/31/2026 15:00,2026-05-31T19:00:00.000Z,20,0.4,1.5,294,,,,,,,,,,,0.1,0.5,,,,,,,,,,,,,,,,,,,,
192730,Collocation-Philly-New-002-02-New,,Outdoor,airgradient:588c813596c0,TRUE,5/31/2026 14:00,2026-05-31T18:00:00.000Z,20,0.5,1.5,301,,,,,,,,,,,0.2,0.7,,,,,,,,,,,,,,,,,,,,
192730,Collocation-Philly-New-002-02-New,,Outdoor,airgradient:588c813596c0,TRUE,5/31/2026 13:00,2026-05-31T17:00:00.000Z,20,0.3,1.5,291,,,,,,,,,,,0.1,0.4,,,,,,,,,,,,,,,,,,,,
192730,Collocation-Philly-New-002-02-New,,Outdoor,airgradient:588c813596c0,TRUE,5/31/2026 12:00,2026-05-31T16:00:00.000Z,20,0.5,1.5,294,,,,,,,,,,,0.1,0.6,,,,,,,,,,,,,,,,,,,,
192730,Collocation-Philly-New-002-02-New,,Outdoor,airgradient:588c813596c0,TRUE,5/31/2026 11:00,2026-05-31T15:00:00.000Z,20,0.3,1.4,279,,,,,,,,,,,0.1,0.3,,,,,,,,,,,,,,,,,,,,
192730,Collocation-Philly-New-002-02-New,,Outdoor,airgradient:588c813596c0,TRUE,5/31/2026 10:00,2026-05-31T14:00:00.000Z,19,0.4,1.5,295,,,,,,,,,,,0.1,0.5,,,,,,,,,,,,,,,,,,,,
192730,Collocation-Philly-New-002-02-New,,Outdoor,airgradient:588c813596c0,TRUE,5/31/2026 9:00,2026-05-31T13:00:00.000Z,20,0.8,1.6,328,,,,,,,,,,,0.3,0.9,,,,,,,,,,,,,,,,,,,,
192730,Collocation-Philly-New-002-02-New,,Outdoor,airgradient:588c813596c0,TRUE,5/31/2026 8:00,2026-05-31T12:00:00.000Z,20,2,1.9,370,,,,,,,,,,,0.8,2.2,,,,,,,,,,,,,,,,,,,,
192730,Collocation-Philly-New-002-02-New,,Outdoor,airgradient:588c813596c0,TRUE,5/31/2026 7:00,2026-05-31T11:00:00.000Z,20,2.6,1.9,383,,,,,,,,,,,1.1,2.8,,,,,,,,,,,,,,,,,,,,
192730,Collocation-Philly-New-002-02-New,,Outdoor,airgradient:588c813596c0,FALSE,5/31/2026 6:00,2026-05-31T10:00:00.000Z,20,2.4,1.8,369,,,,,,,,,,,1,2.7,,,,,,,,,,,,,,,,,,,,
192730,Collocation-Philly-New-002-02-New,,Outdoor,airgradient:588c813596c0,FALSE,5/31/2026 5:00,2026-05-31T09:00:00.000Z,20,2.5,1.9,384,,,,,,,,,,,1.2,2.7,,,,,,,,,,,,,,,,,,,,
192730,Collocation-Philly-New-002-02-New,,Outdoor,airgradient:588c813596c0,FALSE,5/31/2026 4:00,2026-05-31T08:00:00.000Z,20,2.3,1.8,368,,,,,,,,,,,1.1,2.4,,,,,,,,,,,,,,,,,,,,
192730,Collocation-Philly-New-002-02-New,,Outdoor,airgradient:588c813596c0,FALSE,5/31/2026 3:00,2026-05-31T07:00:00.000Z,20,3,2,403,,,,,,,,,,,1.5,3.4,,,,,,,,,,,,,,,,,,,,
192730,Collocation-Philly-New-002-02-New,,Outdoor,airgradient:588c813596c0,FALSE,5/31/2026 2:00,2026-05-31T06:00:00.000Z,20,2.7,1.9,384,,,,,,,,,,,1.2,2.8,,,,,,,,,,,,,,,,,,,,
192730,Collocation-Philly-New-002-02-New,,Outdoor,airgradient:588c813596c0,FALSE,5/31/2026 1:00,2026-05-31T05:00:00.000Z,20,2,1.8,361,,,,,,,,,,,0.8,2.3,,,,,,,,,,,,,,,,,,,,
192730,Collocation-Philly-New-002-02-New,,Outdoor,airgradient:588c813596c0,FALSE,5/31/2026 0:00,2026-05-31T04:00:00.000Z,20,1.4,1.7,335,,,,,,,,,,,0.5,1.6,,,,,,,,,,,,,,,,,,,,
192730,Collocation-Philly-New-002-02-New,,Outdoor,airgradient:588c813596c0,FALSE,5/30/2026 23:00,2026-05-31T03:00:00.000Z,19,0.8,1.5,309,,,,,,,,,,,0.3,1,,,,,,,,,,,,,,,,,,,,
192730,Collocation-Philly-New-002-02-New,,Outdoor,airgradient:588c813596c0,FALSE,5/30/2026 22:00,2026-05-31T02:00:00.000Z,20,0.9,1.6,316,,,,,,,,,,,0.3,1,,,,,,,,,,,,,,,,,,,,
192730,Collocation-Philly-New-002-02-New,,Outdoor,airgradient:588c813596c0,FALSE,5/30/2026 21:00,2026-05-31T01:00:00.000Z,20,1.2,1.7,332,,,,,,,,,,,0.5,1.4,,,,,,,,,,,,,,,,,,,,
192730,Collocation-Philly-New-002-02-New,,Outdoor,airgradient:588c813596c0,FALSE,5/30/2026 20:00,2026-05-31T00:00:00.000Z,20,0.8,1.6,319,,,,,,,,,,,0.3,0.9,,,,,,,,,,,,,,,,,,,,
192730,Collocation-Philly-New-002-02-New,,Outdoor,airgradient:588c813596c0,TRUE,5/30/2026 19:00,2026-05-30T23:00:00.000Z,20,0.3,1.4,275,,,,,,,,,,,0.1,0.5,,,,,,,,,,,,,,,,,,,,
192730,Collocation-Philly-New-002-02-New,,Outdoor,airgradient:588c813596c0,TRUE,5/30/2026 18:00,2026-05-30T22:00:00.000Z,20,0,1.1,212,,,,,,,,,,,0,0,,,,,,,,,,,,,,,,,,,,
192730,Collocation-Philly-New-002-02-New,,Outdoor,airgradient:588c813596c0,TRUE,5/30/2026 17:00,2026-05-30T21:00:00.000Z,20,0,1,193,,,,,,,,,,,0,0,,,,,,,,,,,,,,,,,,,,
192730,Collocation-Philly-New-002-02-New,,Outdoor,airgradient:588c813596c0,TRUE,5/30/2026 16:00,2026-05-30T20:00:00.000Z,20,0,1,198,,,,,,,,,,,0,0,,,,,,,,,,,,,,,,,,,,
192730,Collocation-Philly-New-002-02-New,,Outdoor,airgradient:588c813596c0,TRUE,5/30/2026 15:00,2026-05-30T19:00:00.000Z,20,0.1,1,196,,,,,,,,,,,0,0.1,,,,,,,,,,,,,,,,,,,,
192730,Collocation-Philly-New-002-02-New,,Outdoor,airgradient:588c813596c0,TRUE,5/30/2026 14:00,2026-05-30T18:00:00.000Z,20,0,1,190,,,,,,,,,,,0,0,,,,,,,,,,,,,,,,,,,,
192730,Collocation-Philly-New-002-02-New,,Outdoor,airgradient:588c813596c0,TRUE,5/30/2026 13:00,2026-05-30T17:00:00.000Z,20,0,0.9,189,,,,,,,,,,,0,0,,,,,,,,,,,,,,,,,,,,
192730,Collocation-Philly-New-002-02-New,,Outdoor,airgradient:588c813596c0,TRUE,5/30/2026 12:00,2026-05-30T16:00:00.000Z,20,0,0.9,174,,,,,,,,,,,0,0,,,,,,,,,,,,,,,,,,,,
192730,Collocation-Philly-New-002-02-New,,Outdoor,airgradient:588c813596c0,TRUE,5/30/2026 11:00,2026-05-30T15:00:00.000Z,19,0,0.8,169,,,,,,,,,,,0,0,,,,,,,,,,,,,,,,,,,,
192730,Collocation-Philly-New-002-02-New,,Outdoor,airgradient:588c813596c0,TRUE,5/30/2026 10:00,2026-05-30T14:00:00.000Z,20,0,0.8,160,,,,,,,,,,,0,0,,,,,,,,,,,,,,,,,,,,
192730,Collocation-Philly-New-002-02-New,,Outdoor,airgradient:588c813596c0,TRUE,5/30/2026 9:00,2026-05-30T13:00:00.000Z,20,0,0.7,147,,,,,,,,,,,0,0,,,,,,,,,,,,,,,,,,,,
192730,Collocation-Philly-New-002-02-New,,Outdoor,airgradient:588c813596c0,TRUE,5/30/2026 8:00,2026-05-30T12:00:00.000Z,20,0,0.7,141,,,,,,,,,,,0,0,,,,,,,,,,,,,,,,,,,,
192730,Collocation-Philly-New-002-02-New,,Outdoor,airgradient:588c813596c0,TRUE,5/30/2026 7:00,2026-05-30T11:00:00.000Z,20,0,0.8,159,,,,,,,,,,,0,0,,,,,,,,,,,,,,,,,,,,
192730,Collocation-Philly-New-002-02-New,,Outdoor,airgradient:588c813596c0,FALSE,5/30/2026 6:00,2026-05-30T10:00:00.000Z,20,0,0.9,178,,,,,,,,,,,0,0,,,,,,,,,,,,,,,,,,,,
192730,Collocation-Philly-New-002-02-New,,Outdoor,airgradient:588c813596c0,FALSE,5/30/2026 5:00,2026-05-30T09:00:00.000Z,20,0,1,208,,,,,,,,,,,0,0.1,,,,,,,,,,,,,,,,,,,,
192730,Collocation-Philly-New-002-02-New,,Outdoor,airgradient:588c813596c0,FALSE,5/30/2026 4:00,2026-05-30T08:00:00.000Z,20,0.3,1.3,253,,,,,,,,,,,0.1,0.4,,,,,,,,,,,,,,,,,,,,
192730,Collocation-Philly-New-002-02-New,,Outdoor,airgradient:588c813596c0,FALSE,5/30/2026 3:00,2026-05-30T07:00:00.000Z,20,2,1.8,368,,,,,,,,,,,0.6,2.5,,,,,,,,,,,,,,,,,,,,
192730,Collocation-Philly-New-002-02-New,,Outdoor,airgradient:588c813596c0,FALSE,5/30/2026 2:00,2026-05-30T06:00:00.000Z,20,2.5,1.9,384,,,,,,,,,,,0.9,3,,,,,,,,,,,,,,,,,,,,
192730,Collocation-Philly-New-002-02-New,,Outdoor,airgradient:588c813596c0,FALSE,5/30/2026 1:00,2026-05-30T05:00:00.000Z,20,3.1,2,394,,,,,,,,,,,0.8,3.8,,,,,,,,,,,,,,,,,,,,
192730,Collocation-Philly-New-002-02-New,,Outdoor,airgradient:588c813596c0,FALSE,5/30/2026 0:00,2026-05-30T04:00:00.000Z,19,3.7,2.1,418,,,,,,,,,,,1.4,4.3,,,,,,,,,,,,,,,,,,,,
192730,Collocation-Philly-New-002-02-New,,Outdoor,airgradient:588c813596c0,FALSE,5/29/2026 23:00,2026-05-30T03:00:00.000Z,20,3.1,2,406,,,,,,,,,,,1,3.7,,,,,,,,,,,,,,,,,,,,
192730,Collocation-Philly-New-002-02-New,,Outdoor,airgradient:588c813596c0,FALSE,5/29/2026 22:00,2026-05-30T02:00:00.000Z,20,3.1,2,406,,,,,,,,,,,1,3.6,,,,,,,,,,,,,,,,,,,,
192730,Collocation-Philly-New-002-02-New,,Outdoor,airgradient:588c813596c0,FALSE,5/29/2026 21:00,2026-05-30T01:00:00.000Z,20,3.2,2,402,,,,,,,,,,,1.1,3.7,,,,,,,,,,,,,,,,,,,,
192730,Collocation-Philly-New-002-02-New,,Outdoor,airgradient:588c813596c0,FALSE,5/29/2026 20:00,2026-05-30T00:00:00.000Z,20,3.2,2,395,,,,,,,,,,,1,3.6,,,,,,,,,,,,,,,,,,,,
192730,Collocation-Philly-New-002-02-New,,Outdoor,airgradient:588c813596c0,TRUE,5/29/2026 19:00,2026-05-29T23:00:00.000Z,20,2,1.8,357,,,,,,,,,,,0.6,2.3,,,,,,,,,,,,,,,,,,,,
192730,Collocation-Philly-New-002-02-New,,Outdoor,airgradient:588c813596c0,TRUE,5/29/2026 18:00,2026-05-29T22:00:00.000Z,20,0.5,1.5,293,,,,,,,,,,,0.1,0.6,,,,,,,,,,,,,,,,,,,,
192730,Collocation-Philly-New-002-02-New,,Outdoor,airgradient:588c813596c0,TRUE,5/29/2026 17:00,2026-05-29T21:00:00.000Z,20,0.3,1.4,284,,,,,,,,,,,0.1,0.5,,,,,,,,,,,,,,,,,,,,
192730,Collocation-Philly-New-002-02-New,,Outdoor,airgradient:588c813596c0,TRUE,5/29/2026 16:00,2026-05-29T20:00:00.000Z,20,0.3,1.3,269,,,,,,,,,,,0.1,0.3,,,,,,,,,,,,,,,,,,,,
192730,Collocation-Philly-New-002-02-New,,Outdoor,airgradient:588c813596c0,TRUE,5/29/2026 15:00,2026-05-29T19:00:00.000Z,20,0.1,1.2,250,,,,,,,,,,,0,0.1,,,,,,,,,,,,,,,,,,,,
192730,Collocation-Philly-New-002-02-New,,Outdoor,airgradient:588c813596c0,TRUE,5/29/2026 14:00,2026-05-29T18:00:00.000Z,20,0,1.2,235,,,,,,,,,,,0,0,,,,,,,,,,,,,,,,,,,,
192730,Collocation-Philly-New-002-02-New,,Outdoor,airgradient:588c813596c0,TRUE,5/29/2026 13:00,2026-05-29T17:00:00.000Z,19,0,1.2,232,,,,,,,,,,,0,0,,,,,,,,,,,,,,,,,,,,
192730,Collocation-Philly-New-002-02-New,,Outdoor,airgradient:588c813596c0,TRUE,5/29/2026 12:00,2026-05-29T16:00:00.000Z,20,0,1.1,225,,,,,,,,,,,0,0,,,,,,,,,,,,,,,,,,,,
192730,Collocation-Philly-New-002-02-New,,Outdoor,airgradient:588c813596c0,TRUE,5/29/2026 11:00,2026-05-29T15:00:00.000Z,20,0,1.2,239,,,,,,,,,,,0,0,,,,,,,,,,,,,,,,,,,,
192730,Collocation-Philly-New-002-02-New,,Outdoor,airgradient:588c813596c0,TRUE,5/29/2026 10:00,2026-05-29T14:00:00.000Z,20,0,1.2,235,,,,,,,,,,,0,0,,,,,,,,,,,,,,,,,,,,
192730,Collocation-Philly-New-002-02-New,,Outdoor,airgradient:588c813596c0,TRUE,5/29/2026 9:00,2026-05-29T13:00:00.000Z,20,0,1.2,230,,,,,,,,,,,0,0.1,,,,,,,,,,,,,,,,,,,,
192730,Collocation-Philly-New-002-02-New,,Outdoor,airgradient:588c813596c0,TRUE,5/29/2026 8:00,2026-05-29T12:00:00.000Z,20,0,1.1,227,,,,,,,,,,,0,0.1,,,,,,,,,,,,,,,,,,,,
192730,Collocation-Philly-New-002-02-New,,Outdoor,airgradient:588c813596c0,FALSE,5/29/2026 7:00,2026-05-29T11:00:00.000Z,20,0,1.1,223,,,,,,,,,,,0,0,,,,,,,,,,,,,,,,,,,,
192730,Collocation-Philly-New-002-02-New,,Outdoor,airgradient:588c813596c0,FALSE,5/29/2026 6:00,2026-05-29T10:00:00.000Z,20,0,1.1,210,,,,,,,,,,,0,0,,,,,,,,,,,,,,,,,,,,
192730,Collocation-Philly-New-002-02-New,,Outdoor,airgradient:588c813596c0,FALSE,5/29/2026 5:00,2026-05-29T09:00:00.000Z,20,0,1,199,,,,,,,,,,,0,0,,,,,,,,,,,,,,,,,,,,
192730,Collocation-Philly-New-002-02-New,,Outdoor,airgradient:588c813596c0,FALSE,5/29/2026 4:00,2026-05-29T08:00:00.000Z,20,0,1,202,,,,,,,,,,,0,0,,,,,,,,,,,,,,,,,,,,
192730,Collocation-Philly-New-002-02-New,,Outdoor,airgradient:588c813596c0,FALSE,5/29/2026 3:00,2026-05-29T07:00:00.000Z,20,0,0.9,186,,,,,,,,,,,0,0,,,,,,,,,,,,,,,,,,,,
192730,Collocation-Philly-New-002-02-New,,Outdoor,airgradient:588c813596c0,FALSE,5/29/2026 2:00,2026-05-29T06:00:00.000Z,19,0,1,192,,,,,,,,,,,0,0,,,,,,,,,,,,,,,,,,,,
192730,Collocation-Philly-New-002-02-New,,Outdoor,airgradient:588c813596c0,FALSE,5/29/2026 1:00,2026-05-29T05:00:00.000Z,20,0.5,1.3,265,,,,,,,,,,,0.2,0.6,,,,,,,,,,,,,,,,,,,,
192730,Collocation-Philly-New-002-02-New,,Outdoor,airgradient:588c813596c0,FALSE,5/29/2026 0:00,2026-05-29T04:00:00.000Z,20,0.2,1.2,248,,,,,,,,,,,0.1,0.2,,,,,,,,,,,,,,,,,,,,
192730,Collocation-Philly-New-002-02-New,,Outdoor,airgradient:588c813596c0,FALSE,5/28/2026 23:00,2026-05-29T03:00:00.000Z,20,0,1,190,,,,,,,,,,,0,0,,,,,,,,,,,,,,,,,,,,
192730,Collocation-Philly-New-002-02-New,,Outdoor,airgradient:588c813596c0,FALSE,5/28/2026 22:00,2026-05-29T02:00:00.000Z,20,0,0.8,167,,,,,,,,,,,0,0,,,,,,,,,,,,,,,,,,,,
192730,Collocation-Philly-New-002-02-New,,Outdoor,airgradient:588c813596c0,FALSE,5/28/2026 21:00,2026-05-29T01:00:00.000Z,20,0,0.9,171,,,,,,,,,,,0,0,,,,,,,,,,,,,,,,,,,,
192730,Collocation-Philly-New-002-02-New,,Outdoor,airgradient:588c813596c0,FALSE,5/28/2026 20:00,2026-05-29T00:00:00.000Z,20,0,0.9,183,,,,,,,,,,,0,0,,,,,,,,,,,,,,,,,,,,
192730,Collocation-Philly-New-002-02-New,,Outdoor,airgradient:588c813596c0,TRUE,5/28/2026 19:00,2026-05-28T23:00:00.000Z,20,0,1,199,,,,,,,,,,,0,0,,,,,,,,,,,,,,,,,,,,
192730,Collocation-Philly-New-002-02-New,,Outdoor,airgradient:588c813596c0,TRUE,5/28/2026 18:00,2026-05-28T22:00:00.000Z,20,0,1,209,,,,,,,,,,,0,0,,,,,,,,,,,,,,,,,,,,
192730,Collocation-Philly-New-002-02-New,,Outdoor,airgradient:588c813596c0,TRUE,5/28/2026 17:00,2026-05-28T21:00:00.000Z,20,0,1.2,242,,,,,,,,,,,0,0,,,,,,,,,,,,,,,,,,,,
192730,Collocation-Philly-New-002-02-New,,Outdoor,airgradient:588c813596c0,TRUE,5/28/2026 16:00,2026-05-28T20:00:00.000Z,20,0.1,1.3,269,,,,,,,,,,,0.1,0.2,,,,,,,,,,,,,,,,,,,,
192730,Collocation-Philly-New-002-02-New,,Outdoor,airgradient:588c813596c0,TRUE,5/28/2026 15:00,2026-05-28T19:00:00.000Z,19,0.1,1.3,259,,,,,,,,,,,0,0.1,,,,,,,,,,,,,,,,,,,,
192730,Collocation-Philly-New-002-02-New,,Outdoor,airgradient:588c813596c0,TRUE,5/28/2026 14:00,2026-05-28T18:00:00.000Z,20,0.1,1.4,272,,,,,,,,,,,0,0.2,,,,,,,,,,,,,,,,,,,,
192730,Collocation-Philly-New-002-02-New,,Outdoor,airgradient:588c813596c0,TRUE,5/28/2026 13:00,2026-05-28T17:00:00.000Z,20,0.1,1.3,264,,,,,,,,,,,0,0.1,,,,,,,,,,,,,,,,,,,,
192730,Collocation-Philly-New-002-02-New,,Outdoor,airgradient:588c813596c0,TRUE,5/28/2026 12:00,2026-05-28T16:00:00.000Z,20,0.1,1.3,262,,,,,,,,,,,0,0.1,,,,,,,,,,,,,,,,,,,,
192730,Collocation-Philly-New-002-02-New,,Outdoor,airgradient:588c813596c0,TRUE,5/28/2026 11:00,2026-05-28T15:00:00.000Z,20,0.1,1.4,274,,,,,,,,,,,0,0.3,,,,,,,,,,,,,,,,,,,,
192730,Collocation-Philly-New-002-02-New,,Outdoor,airgradient:588c813596c0,TRUE,5/28/2026 10:00,2026-05-28T14:00:00.000Z,20,0.2,1.5,293,,,,,,,,,,,0.1,0.3,,,,,,,,,,,,,,,,,,,,
192730,Collocation-Philly-New-002-02-New,,Outdoor,airgradient:588c813596c0,TRUE,5/28/2026 9:00,2026-05-28T13:00:00.000Z,20,0.4,1.5,303,,,,,,,,,,,0.1,0.5,,,,,,,,,,,,,,,,,,,,
192730,Collocation-Philly-New-002-02-New,,Outdoor,airgradient:588c813596c0,TRUE,5/28/2026 8:00,2026-05-28T12:00:00.000Z,20,0.3,1.5,306,,,,,,,,,,,0.1,0.4,,,,,,,,,,,,,,,,,,,,
192730,Collocation-Philly-New-002-02-New,,Outdoor,airgradient:588c813596c0,TRUE,5/28/2026 7:00,2026-05-28T11:00:00.000Z,20,1,1.6,329,,,,,,,,,,,0.3,1.1,,,,,,,,,,,,,,,,,,,,
192730,Collocation-Philly-New-002-02-New,,Outdoor,airgradient:588c813596c0,FALSE,5/28/2026 6:00,2026-05-28T10:00:00.000Z,20,1.8,1.9,379,,,,,,,,,,,0.9,2.1,,,,,,,,,,,,,,,,,,,,
192730,Collocation-Philly-New-002-02-New,,Outdoor,airgradient:588c813596c0,FALSE,5/28/2026 5:00,2026-05-28T09:00:00.000Z,20,3,2.2,433,,,,,,,,,,,1.5,3.1,,,,,,,,,,,,,,,,,,,,
192730,Collocation-Philly-New-002-02-New,,Outdoor,airgradient:588c813596c0,FALSE,5/28/2026 4:00,2026-05-28T08:00:00.000Z,19,4.4,2.5,491,,,,,,,,,,,2.5,4.8,,,,,,,,,,,,,,,,,,,,
192730,Collocation-Philly-New-002-02-New,,Outdoor,airgradient:588c813596c0,FALSE,5/28/2026 3:00,2026-05-28T07:00:00.000Z,20,3.7,2.4,474,,,,,,,,,,,2.1,4.1,,,,,,,,,,,,,,,,,,,,
192730,Collocation-Philly-New-002-02-New,,Outdoor,airgradient:588c813596c0,FALSE,5/28/2026 2:00,2026-05-28T06:00:00.000Z,20,3.8,2.4,480,,,,,,,,,,,2.1,4,,,,,,,,,,,,,,,,,,,,
192730,Collocation-Philly-New-002-02-New,,Outdoor,airgradient:588c813596c0,FALSE,5/28/2026 1:00,2026-05-28T05:00:00.000Z,20,3.6,2.4,477,,,,,,,,,,,1.8,3.8,,,,,,,,,,,,,,,,,,,,
192730,Collocation-Philly-New-002-02-New,,Outdoor,airgradient:588c813596c0,FALSE,5/28/2026 0:00,2026-05-28T04:00:00.000Z,20,4.6,2.6,522,,,,,,,,,,,2.7,5,,,,,,,,,,,,,,,,,,,,
192730,Collocation-Philly-New-002-02-New,,Outdoor,airgradient:588c813596c0,FALSE,5/27/2026 23:00,2026-05-28T03:00:00.000Z,20,6.1,2.9,573,,,,,,,,,,,3.4,6.4,,,,,,,,,,,,,,,,,,,,
192730,Collocation-Philly-New-002-02-New,,Outdoor,airgradient:588c813596c0,FALSE,5/27/2026 22:00,2026-05-28T02:00:00.000Z,20,4.8,2.6,516,,,,,,,,,,,2.5,5.2,,,,,,,,,,,,,,,,,,,,
192730,Collocation-Philly-New-002-02-New,,Outdoor,airgradient:588c813596c0,FALSE,5/27/2026 21:00,2026-05-28T01:00:00.000Z,20,5.2,2.6,525,,,,,,,,,,,2.7,5.8,,,,,,,,,,,,,,,,,,,,
192730,Collocation-Philly-New-002-02-New,,Outdoor,airgradient:588c813596c0,FALSE,5/27/2026 20:00,2026-05-28T00:00:00.000Z,20,4,2.4,481,,,,,,,,,,,2.1,4.4,,,,,,,,,,,,,,,,,,,,
192730,Collocation-Philly-New-002-02-New,,Outdoor,airgradient:588c813596c0,TRUE,5/27/2026 19:00,2026-05-27T23:00:00.000Z,20,3.6,2.3,462,,,,,,,,,,,1.8,3.9,,,,,,,,,,,,,,,,,,,,
192730,Collocation-Philly-New-002-02-New,,Outdoor,airgradient:588c813596c0,TRUE,5/27/2026 18:00,2026-05-27T22:00:00.000Z,20,3.2,2.2,443,,,,,,,,,,,1.6,3.6,,,,,,,,,,,,,,,,,,,,
192730,Collocation-Philly-New-002-02-New,,Outdoor,airgradient:588c813596c0,TRUE,5/27/2026 17:00,2026-05-27T21:00:00.000Z,19,2.8,2.2,430,,,,,,,,,,,1.3,3,,,,,,,,,,,,,,,,,,,,
192730,Collocation-Philly-New-002-02-New,,Outdoor,airgradient:588c813596c0,TRUE,5/27/2026 16:00,2026-05-27T20:00:00.000Z,20,4.3,2.5,498,,,,,,,,,,,2.3,4.5,,,,,,,,,,,,,,,,,,,,
192730,Collocation-Philly-New-002-02-New,,Outdoor,airgradient:588c813596c0,TRUE,5/27/2026 15:00,2026-05-27T19:00:00.000Z,20,5.7,2.7,550,,,,,,,,,,,3.3,6.1,,,,,,,,,,,,,,,,,,,,
192730,Collocation-Philly-New-002-02-New,,Outdoor,airgradient:588c813596c0,TRUE,5/27/2026 14:00,2026-05-27T18:00:00.000Z,20,7.3,3,600,,,,,,,,,,,4.2,7.7,,,,,,,,,,,,,,,,,,,,
192730,Collocation-Philly-New-002-02-New,,Outdoor,airgradient:588c813596c0,TRUE,5/27/2026 13:00,2026-05-27T17:00:00.000Z,20,12.2,3.6,729,,,,,,,,,,,6.6,13.5,,,,,,,,,,,,,,,,,,,,
192730,Collocation-Philly-New-002-02-New,,Outdoor,airgradient:588c813596c0,TRUE,5/27/2026 12:00,2026-05-27T16:00:00.000Z,20,19.4,4.6,912,,,,,,,,,,,10.8,21.3,,,,,,,,,,,,,,,,,,,,
192730,Collocation-Philly-New-002-02-New,,Outdoor,airgradient:588c813596c0,TRUE,5/27/2026 11:00,2026-05-27T15:00:00.000Z,20,21.1,4.9,978,,,,,,,,,,,11.4,23.1,,,,,,,,,,,,,,,,,,,,
192730,Collocation-Philly-New-002-02-New,,Outdoor,airgradient:588c813596c0,TRUE,5/27/2026 10:00,2026-05-27T14:00:00.000Z,20,23.8,5.3,1060,,,,,,,,,,,13.3,26.5,,,,,,,,,,,,,,,,,,,,
192730,Collocation-Philly-New-002-02-New,,Outdoor,airgradient:588c813596c0,TRUE,5/27/2026 9:00,2026-05-27T13:00:00.000Z,20,23.8,5.3,1060,,,,,,,,,,,13.4,26.6,,,,,,,,,,,,,,,,,,,,
192730,Collocation-Philly-New-002-02-New,,Outdoor,airgradient:588c813596c0,TRUE,5/27/2026 8:00,2026-05-27T12:00:00.000Z,20,26.3,6.1,1222,,,,,,,,,,,15.1,29.9,,,,,,,,,,,,,,,,,,,,
192730,Collocation-Philly-New-002-02-New,,Outdoor,airgradient:588c813596c0,TRUE,5/27/2026 7:00,2026-05-27T11:00:00.000Z,20,19.8,4.7,944,,,,,,,,,,,11.1,21.6,,,,,,,,,,,,,,,,,,,,
192730,Collocation-Philly-New-002-02-New,,Outdoor,airgradient:588c813596c0,FALSE,5/27/2026 6:00,2026-05-27T10:00:00.000Z,19,15.7,4.2,836,,,,,,,,,,,8.3,17,,,,,,,,,,,,,,,,,,,,
192730,Collocation-Philly-New-002-02-New,,Outdoor,airgradient:588c813596c0,FALSE,5/27/2026 5:00,2026-05-27T09:00:00.000Z,20,9.4,3.3,654,,,,,,,,,,,5,10.3,,,,,,,,,,,,,,,,,,,,
192730,Collocation-Philly-New-002-02-New,,Outdoor,airgradient:588c813596c0,FALSE,5/27/2026 4:00,2026-05-27T08:00:00.000Z,20,6.8,2.9,580,,,,,,,,,,,3.8,7.8,,,,,,,,,,,,,,,,,,,,
192730,Collocation-Philly-New-002-02-New,,Outdoor,airgradient:588c813596c0,FALSE,5/27/2026 3:00,2026-05-27T07:00:00.000Z,20,6,2.7,548,,,,,,,,,,,3.2,6.3,,,,,,,,,,,,,,,,,,,,
192730,Collocation-Philly-New-002-02-New,,Outdoor,airgradient:588c813596c0,FALSE,5/27/2026 2:00,2026-05-27T06:00:00.000Z,20,5.9,2.8,561,,,,,,,,,,,3.2,6.6,,,,,,,,,,,,,,,,,,,,
192730,Collocation-Philly-New-002-02-New,,Outdoor,airgradient:588c813596c0,FALSE,5/27/2026 1:00,2026-05-27T05:00:00.000Z,20,5.5,2.7,544,,,,,,,,,,,3.2,5.8,,,,,,,,,,,,,,,,,,,,
192730,Collocation-Philly-New-002-02-New,,Outdoor,airgradient:588c813596c0,FALSE,5/27/2026 0:00,2026-05-27T04:00:00.000Z,20,4.5,2.4,488,,,,,,,,,,,2.1,4.8,,,,,,,,,,,,,,,,,,,,
192730,Collocation-Philly-New-002-02-New,,Outdoor,airgradient:588c813596c0,FALSE,5/26/2026 23:00,2026-05-27T03:00:00.000Z,20,4.4,2.5,491,,,,,,,,,,,2.3,4.7,,,,,,,,,,,,,,,,,,,,
192730,Collocation-Philly-New-002-02-New,,Outdoor,airgradient:588c813596c0,FALSE,5/26/2026 22:00,2026-05-27T02:00:00.000Z,20,4.8,2.5,500,,,,,,,,,,,2.3,5.1,,,,,,,,,,,,,,,,,,,,
192730,Collocation-Philly-New-002-02-New,,Outdoor,airgradient:588c813596c0,FALSE,5/26/2026 21:00,2026-05-27T01:00:00.000Z,20,6.7,3,592,,,,,,,,,,,3.9,7.2,,,,,,,,,,,,,,,,,,,,
192730,Collocation-Philly-New-002-02-New,,Outdoor,airgradient:588c813596c0,FALSE,5/26/2026 20:00,2026-05-27T00:00:00.000Z,20,8,3.2,635,,,,,,,,,,,4.7,8.6,,,,,,,,,,,,,,,,,,,,
192730,Collocation-Philly-New-002-02-New,,Outdoor,airgradient:588c813596c0,TRUE,5/26/2026 19:00,2026-05-26T23:00:00.000Z,19,6,2.8,558,,,,,,,,,,,3.4,6.5,,,,,,,,,,,,,,,,,,,,
192730,Collocation-Philly-New-002-02-New,,Outdoor,airgradient:588c813596c0,TRUE,5/26/2026 18:00,2026-05-26T22:00:00.000Z,20,2.8,2.2,430,,,,,,,,,,,1.4,3.1,,,,,,,,,,,,,,,,,,,,
192730,Collocation-Philly-New-002-02-New,,Outdoor,airgradient:588c813596c0,TRUE,5/26/2026 17:00,2026-05-26T21:00:00.000Z,20,2.8,2.2,430,,,,,,,,,,,1.5,3,,,,,,,,,,,,,,,,,,,,
192730,Collocation-Philly-New-002-02-New,,Outdoor,airgradient:588c813596c0,TRUE,5/26/2026 16:00,2026-05-26T20:00:00.000Z,20,2.4,2.1,420,,,,,,,,,,,1.2,2.5,,,,,,,,,,,,,,,,,,,,
192730,Collocation-Philly-New-002-02-New,,Outdoor,airgradient:588c813596c0,TRUE,5/26/2026 15:00,2026-05-26T19:00:00.000Z,20,2.4,2.1,417,,,,,,,,,,,1.3,2.6,,,,,,,,,,,,,,,,,,,,
192730,Collocation-Philly-New-002-02-New,,Outdoor,airgradient:588c813596c0,TRUE,5/26/2026 14:00,2026-05-26T18:00:00.000Z,20,2.9,2.2,440,,,,,,,,,,,1.4,3.1,,,,,,,,,,,,,,,,,,,,
192730,Collocation-Philly-New-002-02-New,,Outdoor,airgradient:588c813596c0,TRUE,5/26/2026 13:00,2026-05-26T17:00:00.000Z,20,2.3,2.1,416,,,,,,,,,,,1.3,2.6,,,,,,,,,,,,,,,,,,,,
192730,Collocation-Philly-New-002-02-New,,Outdoor,airgradient:588c813596c0,TRUE,5/26/2026 12:00,2026-05-26T16:00:00.000Z,20,1.8,2,397,,,,,,,,,,,1,2.1,,,,,,,,,,,,,,,,,,,,
192730,Collocation-Philly-New-002-02-New,,Outdoor,airgradient:588c813596c0,TRUE,5/26/2026 11:00,2026-05-26T15:00:00.000Z,20,2.5,2.1,423,,,,,,,,,,,1.3,2.6,,,,,,,,,,,,,,,,,,,,
192730,Collocation-Philly-New-002-02-New,,Outdoor,airgradient:588c813596c0,TRUE,5/26/2026 10:00,2026-05-26T14:00:00.000Z,20,4.3,2.4,484,,,,,,,,,,,2.3,4.7,,,,,,,,,,,,,,,,,,,,
192730,Collocation-Philly-New-002-02-New,,Outdoor,airgradient:588c813596c0,TRUE,5/26/2026 9:00,2026-05-26T13:00:00.000Z,20,3.7,2.3,463,,,,,,,,,,,1.8,4.3,,,,,,,,,,,,,,,,,,,,
192730,Collocation-Philly-New-002-02-New,,Outdoor,airgradient:588c813596c0,TRUE,5/26/2026 8:00,2026-05-26T12:00:00.000Z,19,4,2.3,451,,,,,,,,,,,1.7,4.5,,,,,,,,,,,,,,,,,,,,
192730,Collocation-Philly-New-002-02-New,,Outdoor,airgradient:588c813596c0,TRUE,5/26/2026 7:00,2026-05-26T11:00:00.000Z,20,3.9,2.2,446,,,,,,,,,,,1.8,4.2,,,,,,,,,,,,,,,,,,,,
192730,Collocation-Philly-New-002-02-New,,Outdoor,airgradient:588c813596c0,FALSE,5/26/2026 6:00,2026-05-26T10:00:00.000Z,20,4.4,2.3,461,,,,,,,,,,,2.1,4.7,,,,,,,,,,,,,,,,,,,,
192730,Collocation-Philly-New-002-02-New,,Outdoor,airgradient:588c813596c0,FALSE,5/26/2026 5:00,2026-05-26T09:00:00.000Z,20,4,2.2,448,,,,,,,,,,,1.9,4.3,,,,,,,,,,,,,,,,,,,,
192730,Collocation-Philly-New-002-02-New,,Outdoor,airgradient:588c813596c0,FALSE,5/26/2026 4:00,2026-05-26T08:00:00.000Z,20,4.6,2.3,462,,,,,,,,,,,2.2,4.9,,,,,,,,,,,,,,,,,,,,
192730,Collocation-Philly-New-002-02-New,,Outdoor,airgradient:588c813596c0,FALSE,5/26/2026 3:00,2026-05-26T07:00:00.000Z,20,4.7,2.3,464,,,,,,,,,,,2.2,5.3,,,,,,,,,,,,,,,,,,,,
192730,Collocation-Philly-New-002-02-New,,Outdoor,airgradient:588c813596c0,FALSE,5/26/2026 2:00,2026-05-26T06:00:00.000Z,20,5.1,2.4,488,,,,,,,,,,,2.6,5.6,,,,,,,,,,,,,,,,,,,,
192730,Collocation-Philly-New-002-02-New,,Outdoor,airgradient:588c813596c0,FALSE,5/26/2026 1:00,2026-05-26T05:00:00.000Z,20,5.8,2.6,525,,,,,,,,,,,3.1,6.3,,,,,,,,,,,,,,,,,,,,
192730,Collocation-Philly-New-002-02-New,,Outdoor,airgradient:588c813596c0,FALSE,5/26/2026 0:00,2026-05-26T04:00:00.000Z,20,6.1,2.7,539,,,,,,,,,,,3.4,6.7,,,,,,,,,,,,,,,,,,,,
192730,Collocation-Philly-New-002-02-New,,Outdoor,airgradient:588c813596c0,FALSE,5/25/2026 23:00,2026-05-26T03:00:00.000Z,20,6.1,2.7,534,,,,,,,,,,,3,6.5,,,,,,,,,,,,,,,,,,,,
192730,Collocation-Philly-New-002-02-New,,Outdoor,airgradient:588c813596c0,FALSE,5/25/2026 22:00,2026-05-26T02:00:00.000Z,20,4.3,2.4,476,,,,,,,,,,,2.2,4.6,,,,,,,,,,,,,,,,,,,,
192730,Collocation-Philly-New-002-02-New,,Outdoor,airgradient:588c813596c0,FALSE,5/25/2026 21:00,2026-05-26T01:00:00.000Z,19,2.8,2.1,428,,,,,,,,,,,1.2,3.2,,,,,,,,,,,,,,,,,,,,
192730,Collocation-Philly-New-002-02-New,,Outdoor,airgradient:588c813596c0,FALSE,5/25/2026 20:00,2026-05-26T00:00:00.000Z,20,2.3,2,398,,,,,,,,,,,0.9,2.6,,,,,,,,,,,,,,,,,,,,
192730,Collocation-Philly-New-002-02-New,,Outdoor,airgradient:588c813596c0,TRUE,5/25/2026 19:00,2026-05-25T23:00:00.000Z,20,1.4,1.8,364,,,,,,,,,,,0.6,1.5,,,,,,,,,,,,,,,,,,,,
192730,Collocation-Philly-New-002-02-New,,Outdoor,airgradient:588c813596c0,TRUE,5/25/2026 18:00,2026-05-25T22:00:00.000Z,20,1.2,1.8,355,,,,,,,,,,,0.6,1.4,,,,,,,,,,,,,,,,,,,,
192730,Collocation-Philly-New-002-02-New,,Outdoor,airgradient:588c813596c0,TRUE,5/25/2026 17:00,2026-05-25T21:00:00.000Z,20,1,1.8,350,,,,,,,,,,,0.5,1.2,,,,,,,,,,,,,,,,,,,,
192730,Collocation-Philly-New-002-02-New,,Outdoor,airgradient:588c813596c0,TRUE,5/25/2026 16:00,2026-05-25T20:00:00.000Z,20,1,1.7,341,,,,,,,,,,,0.5,1.1,,,,,,,,,,,,,,,,,,,,
192730,Collocation-Philly-New-002-02-New,,Outdoor,airgradient:588c813596c0,TRUE,5/25/2026 15:00,2026-05-25T19:00:00.000Z,20,1.2,1.8,359,,,,,,,,,,,0.5,1.3,,,,,,,,,,,,,,,,,,,,
192730,Collocation-Philly-New-002-02-New,,Outdoor,airgradient:588c813596c0,TRUE,5/25/2026 14:00,2026-05-25T18:00:00.000Z,20,1.2,1.8,365,,,,,,,,,,,0.6,1.3,,,,,,,,,,,,,,,,,,,,
192730,Collocation-Philly-New-002-02-New,,Outdoor,airgradient:588c813596c0,TRUE,5/25/2026 13:00,2026-05-25T17:00:00.000Z,20,3.4,2.1,411,,,,,,,,,,,1.4,4.1,,,,,,,,,,,,,,,,,,,,
192730,Collocation-Philly-New-002-02-New,,Outdoor,airgradient:588c813596c0,TRUE,5/25/2026 12:00,2026-05-25T16:00:00.000Z,20,3.5,2.2,436,,,,,,,,,,,1.6,3.7,,,,,,,,,,,,,,,,,,,,
192730,Collocation-Philly-New-002-02-New,,Outdoor,airgradient:588c813596c0,TRUE,5/25/2026 11:00,2026-05-25T15:00:00.000Z,20,3.2,2,402,,,,,,,,,,,1,3.7,,,,,,,,,,,,,,,,,,,,
192730,Collocation-Philly-New-002-02-New,,Outdoor,airgradient:588c813596c0,TRUE,5/25/2026 10:00,2026-05-25T14:00:00.000Z,19,5.1,2.2,448,,,,,,,,,,,1.8,5.9,,,,,,,,,,,,,,,,,,,,
192730,Collocation-Philly-New-002-02-New,,Outdoor,airgradient:588c813596c0,TRUE,5/25/2026 9:00,2026-05-25T13:00:00.000Z,20,4.5,2.1,418,,,,,,,,,,,1.1,5.3,,,,,,,,,,,,,,,,,,,,
192730,Collocation-Philly-New-002-02-New,,Outdoor,airgradient:588c813596c0,TRUE,5/25/2026 8:00,2026-05-25T12:00:00.000Z,20,5.9,2.3,455,,,,,,,,,,,1.8,7.3,,,,,,,,,,,,,,,,,,,,
192730,Collocation-Philly-New-002-02-New,,Outdoor,airgradient:588c813596c0,FALSE,5/25/2026 7:00,2026-05-25T11:00:00.000Z,20,8.1,2.6,513,,,,,,,,,,,2.7,10,,,,,,,,,,,,,,,,,,,,
192730,Collocation-Philly-New-002-02-New,,Outdoor,airgradient:588c813596c0,FALSE,5/25/2026 6:00,2026-05-25T10:00:00.000Z,20,7,2.4,488,,,,,,,,,,,2.4,8.6,,,,,,,,,,,,,,,,,,,,
192730,Collocation-Philly-New-002-02-New,,Outdoor,airgradient:588c813596c0,FALSE,5/25/2026 5:00,2026-05-25T09:00:00.000Z,20,5.5,2.2,442,,,,,,,,,,,1.6,6.2,,,,,,,,,,,,,,,,,,,,
192730,Collocation-Philly-New-002-02-New,,Outdoor,airgradient:588c813596c0,FALSE,5/25/2026 4:00,2026-05-25T08:00:00.000Z,20,4.6,2.1,419,,,,,,,,,,,1.4,5.4,,,,,,,,,,,,,,,,,,,,
192730,Collocation-Philly-New-002-02-New,,Outdoor,airgradient:588c813596c0,FALSE,5/25/2026 3:00,2026-05-25T07:00:00.000Z,20,9.2,2.2,440,,,,,,,,,,,5.7,9.9,,,,,,,,,,,,,,,,,,,,
192730,Collocation-Philly-New-002-02-New,,Outdoor,airgradient:588c813596c0,FALSE,5/25/2026 2:00,2026-05-25T06:00:00.000Z,20,21.2,2.8,567,,,,,,,,,,,16,22.4,,,,,,,,,,,,,,,,,,,,
192730,Collocation-Philly-New-002-02-New,,Outdoor,airgradient:588c813596c0,FALSE,5/25/2026 1:00,2026-05-25T05:00:00.000Z,20,13.7,3.5,694,,,,,,,,,,,5.9,15.6,,,,,,,,,,,,,,,,,,,,
192730,Collocation-Philly-New-002-02-New,,Outdoor,airgradient:588c813596c0,FALSE,5/25/2026 0:00,2026-05-25T04:00:00.000Z,20,19.1,4.3,866,,,,,,,,,,,9.2,21.2,,,,,,,,,,,,,,,,,,,,
192730,Collocation-Philly-New-002-02-New,,Outdoor,airgradient:588c813596c0,FALSE,5/24/2026 23:00,2026-05-25T03:00:00.000Z,20,30.4,6.7,1338,,,,,,,,,,,17.7,35.2,,,,,,,,,,,,,,,,,,,,
192730,Collocation-Philly-New-002-02-New,,Outdoor,airgradient:588c813596c0,FALSE,5/24/2026 22:00,2026-05-25T02:00:00.000Z,19,21.6,4.7,948,,,,,,,,,,,11.3,23.7,,,,,,,,,,,,,,,,,,,,
192730,Collocation-Philly-New-002-02-New,,Outdoor,airgradient:588c813596c0,FALSE,5/24/2026 21:00,2026-05-25T01:00:00.000Z,20,20.8,4.7,946,,,,,,,,,,,11.1,23.3,,,,,,,,,,,,,,,,,,,,
192730,Collocation-Philly-New-002-02-New,,Outdoor,airgradient:588c813596c0,FALSE,5/24/2026 20:00,2026-05-25T00:00:00.000Z,20,11.1,3.5,709,,,,,,,,,,,6.1,12.4,,,,,,,,,,,,,,,,,,,,
192730,Collocation-Philly-New-002-02-New,,Outdoor,airgradient:588c813596c0,TRUE,5/24/2026 19:00,2026-05-24T23:00:00.000Z,20,7.8,3,602,,,,,,,,,,,4.4,8.2,,,,,,,,,,,,,,,,,,,,
192730,Collocation-Philly-New-002-02-New,,Outdoor,airgradient:588c813596c0,TRUE,5/24/2026 18:00,2026-05-24T22:00:00.000Z,20,6.9,2.8,566,,,,,,,,,,,3.7,7.6,,,,,,,,,,,,,,,,,,,,
192730,Collocation-Philly-New-002-02-New,,Outdoor,airgradient:588c813596c0,TRUE,5/24/2026 17:00,2026-05-24T21:00:00.000Z,20,6,2.7,532,,,,,,,,,,,3.2,6.5,,,,,,,,,,,,,,,,,,,,
192730,Collocation-Philly-New-002-02-New,,Outdoor,airgradient:588c813596c0,TRUE,5/24/2026 16:00,2026-05-24T20:00:00.000Z,20,5.1,2.5,494,,,,,,,,,,,2.6,5.5,,,,,,,,,,,,,,,,,,,,
192730,Collocation-Philly-New-002-02-New,,Outdoor,airgradient:588c813596c0,TRUE,5/24/2026 15:00,2026-05-24T19:00:00.000Z,20,4.6,2.3,464,,,,,,,,,,,2.2,5,,,,,,,,,,,,,,,,,,,,
192730,Collocation-Philly-New-002-02-New,,Outdoor,airgradient:588c813596c0,TRUE,5/24/2026 14:00,2026-05-24T18:00:00.000Z,20,2.2,1.9,383,,,,,,,,,,,0.8,2.3,,,,,,,,,,,,,,,,,,,,
192730,Collocation-Philly-New-002-02-New,,Outdoor,airgradient:588c813596c0,TRUE,5/24/2026 13:00,2026-05-24T17:00:00.000Z,20,1,1.6,319,,,,,,,,,,,0.4,1.1,,,,,,,,,,,,,,,,,,,,
192730,Collocation-Philly-New-002-02-New,,Outdoor,airgradient:588c813596c0,TRUE,5/24/2026 12:00,2026-05-24T16:00:00.000Z,20,0.2,1.2,249,,,,,,,,,,,0,0.2,,,,,,,,,,,,,,,,,,,,
192730,Collocation-Philly-New-002-02-New,,Outdoor,airgradient:588c813596c0,TRUE,5/24/2026 11:00,2026-05-24T15:00:00.000Z,19,0,1,205,,,,,,,,,,,0,0,,,,,,,,,,,,,,,,,,,,
192730,Collocation-Philly-New-002-02-New,,Outdoor,airgradient:588c813596c0,TRUE,5/24/2026 10:00,2026-05-24T14:00:00.000Z,20,0,1,198,,,,,,,,,,,0,0,,,,,,,,,,,,,,,,,,,,
192730,Collocation-Philly-New-002-02-New,,Outdoor,airgradient:588c813596c0,TRUE,5/24/2026 9:00,2026-05-24T13:00:00.000Z,20,0,1,208,,,,,,,,,,,0,0.1,,,,,,,,,,,,,,,,,,,,
192730,Collocation-Philly-New-002-02-New,,Outdoor,airgradient:588c813596c0,TRUE,5/24/2026 8:00,2026-05-24T12:00:00.000Z,20,0.2,1.3,251,,,,,,,,,,,0,0.3,,,,,,,,,,,,,,,,,,,,
192730,Collocation-Philly-New-002-02-New,,Outdoor,airgradient:588c813596c0,TRUE,5/24/2026 7:00,2026-05-24T11:00:00.000Z,20,0.6,1.4,271,,,,,,,,,,,0.2,0.6,,,,,,,,,,,,,,,,,,,,
192730,Collocation-Philly-New-002-02-New,,Outdoor,airgradient:588c813596c0,FALSE,5/24/2026 6:00,2026-05-24T10:00:00.000Z,20,1.2,1.5,308,,,,,,,,,,,0.4,1.3,,,,,,,,,,,,,,,,,,,,
192730,Collocation-Philly-New-002-02-New,,Outdoor,airgradient:588c813596c0,FALSE,5/24/2026 5:00,2026-05-24T09:00:00.000Z,20,1.9,1.7,343,,,,,,,,,,,0.7,2.2,,,,,,,,,,,,,,,,,,,,
192730,Collocation-Philly-New-002-02-New,,Outdoor,airgradient:588c813596c0,FALSE,5/24/2026 4:00,2026-05-24T08:00:00.000Z,20,1.5,1.6,325,,,,,,,,,,,0.5,1.9,,,,,,,,,,,,,,,,,,,,
192730,Collocation-Philly-New-002-02-New,,Outdoor,airgradient:588c813596c0,FALSE,5/24/2026 3:00,2026-05-24T07:00:00.000Z,20,0.9,1.4,287,,,,,,,,,,,0.2,1.1,,,,,,,,,,,,,,,,,,,,
192730,Collocation-Philly-New-002-02-New,,Outdoor,airgradient:588c813596c0,FALSE,5/24/2026 2:00,2026-05-24T06:00:00.000Z,20,0.3,1.3,253,,,,,,,,,,,0,0.4,,,,,,,,,,,,,,,,,,,,
192730,Collocation-Philly-New-002-02-New,,Outdoor,airgradient:588c813596c0,FALSE,5/24/2026 1:00,2026-05-24T05:00:00.000Z,20,0.3,1.2,241,,,,,,,,,,,0,0.4,,,,,,,,,,,,,,,,,,,,
192730,Collocation-Philly-New-002-02-New,,Outdoor,airgradient:588c813596c0,FALSE,5/24/2026 0:00,2026-05-24T04:00:00.000Z,19,0.4,1.3,251,,,,,,,,,,,0,0.5,,,,,,,,,,,,,,,,,,,,
192730,Collocation-Philly-New-002-02-New,,Outdoor,airgradient:588c813596c0,FALSE,5/23/2026 23:00,2026-05-24T03:00:00.000Z,20,0.1,1.2,233,,,,,,,,,,,0,0.2,,,,,,,,,,,,,,,,,,,,
192730,Collocation-Philly-New-002-02-New,,Outdoor,airgradient:588c813596c0,FALSE,5/23/2026 22:00,2026-05-24T02:00:00.000Z,20,0.4,1.3,262,,,,,,,,,,,0.1,0.5,,,,,,,,,,,,,,,,,,,,
192730,Collocation-Philly-New-002-02-New,,Outdoor,airgradient:588c813596c0,FALSE,5/23/2026 21:00,2026-05-24T01:00:00.000Z,20,0.1,1.1,228,,,,,,,,,,,0,0.2,,,,,,,,,,,,,,,,,,,,
192730,Collocation-Philly-New-002-02-New,,Outdoor,airgradient:588c813596c0,FALSE,5/23/2026 20:00,2026-05-24T00:00:00.000Z,20,0.1,1.1,212,,,,,,,,,,,0,0.1,,,,,,,,,,,,,,,,,,,,
192730,Collocation-Philly-New-002-02-New,,Outdoor,airgradient:588c813596c0,TRUE,5/23/2026 19:00,2026-05-23T23:00:00.000Z,20,0.1,1.1,219,,,,,,,,,,,0,0.1,,,,,,,,,,,,,,,,,,,,
192730,Collocation-Philly-New-002-02-New,,Outdoor,airgradient:588c813596c0,TRUE,5/23/2026 18:00,2026-05-23T22:00:00.000Z,20,0.1,1,206,,,,,,,,,,,0,0.1,,,,,,,,,,,,,,,,,,,,
192730,Collocation-Philly-New-002-02-New,,Outdoor,airgradient:588c813596c0,TRUE,5/23/2026 17:00,2026-05-23T21:00:00.000Z,20,1.1,1.5,295,,,,,,,,,,,0.4,1.3,,,,,,,,,,,,,,,,,,,,
192730,Collocation-Philly-New-002-02-New,,Outdoor,airgradient:588c813596c0,TRUE,5/23/2026 16:00,2026-05-23T20:00:00.000Z,20,2.4,1.9,373,,,,,,,,,,,1,2.7,,,,,,,,,,,,,,,,,,,,
192730,Collocation-Philly-New-002-02-New,,Outdoor,airgradient:588c813596c0,TRUE,5/23/2026 15:00,2026-05-23T19:00:00.000Z,20,2.1,1.8,364,,,,,,,,,,,1,2.5,,,,,,,,,,,,,,,,,,,,
192730,Collocation-Philly-New-002-02-New,,Outdoor,airgradient:588c813596c0,TRUE,5/23/2026 14:00,2026-05-23T18:00:00.000Z,20,1.1,1.6,312,,,,,,,,,,,0.4,1.4,,,,,,,,,,,,,,,,,,,,
192730,Collocation-Philly-New-002-02-New,,Outdoor,airgradient:588c813596c0,TRUE,5/23/2026 13:00,2026-05-23T17:00:00.000Z,20,2.7,1.9,374,,,,,,,,,,,1,3.2,,,,,,,,,,,,,,,,,,,,
192730,Collocation-Philly-New-002-02-New,,Outdoor,airgradient:588c813596c0,TRUE,5/23/2026 12:00,2026-05-23T16:00:00.000Z,19,1.9,1.7,339,,,,,,,,,,,0.7,2.4,,,,,,,,,,,,,,,,,,,,
192730,Collocation-Philly-New-002-02-New,,Outdoor,airgradient:588c813596c0,TRUE,5/23/2026 11:00,2026-05-23T15:00:00.000Z,20,1,1.5,300,,,,,,,,,,,0.3,1.4,,,,,,,,,,,,,,,,,,,,
192730,Collocation-Philly-New-002-02-New,,Outdoor,airgradient:588c813596c0,TRUE,5/23/2026 10:00,2026-05-23T14:00:00.000Z,20,1.2,1.5,306,,,,,,,,,,,0.3,1.6,,,,,,,,,,,,,,,,,,,,
192730,Collocation-Philly-New-002-02-New,,Outdoor,airgradient:588c813596c0,TRUE,5/23/2026 9:00,2026-05-23T13:00:00.000Z,20,0.9,1.4,285,,,,,,,,,,,0.2,1.1,,,,,,,,,,,,,,,,,,,,
192730,Collocation-Philly-New-002-02-New,,Outdoor,airgradient:588c813596c0,TRUE,5/23/2026 8:00,2026-05-23T12:00:00.000Z,20,0.8,1.4,286,,,,,,,,,,,0.2,1,,,,,,,,,,,,,,,,,,,,
192730,Collocation-Philly-New-002-02-New,,Outdoor,airgradient:588c813596c0,TRUE,5/23/2026 7:00,2026-05-23T11:00:00.000Z,20,1.1,1.5,301,,,,,,,,,,,0.3,1.4,,,,,,,,,,,,,,,,,,,,
192730,Collocation-Philly-New-002-02-New,,Outdoor,airgradient:588c813596c0,FALSE,5/23/2026 6:00,2026-05-23T10:00:00.000Z,20,1.1,1.5,299,,,,,,,,,,,0.3,1.3,,,,,,,,,,,,,,,,,,,,
192730,Collocation-Philly-New-002-02-New,,Outdoor,airgradient:588c813596c0,FALSE,5/23/2026 5:00,2026-05-23T09:00:00.000Z,20,1.3,1.5,309,,,,,,,,,,,0.3,1.5,,,,,,,,,,,,,,,,,,,,
192730,Collocation-Philly-New-002-02-New,,Outdoor,airgradient:588c813596c0,FALSE,5/23/2026 4:00,2026-05-23T08:00:00.000Z,20,3,2,395,,,,,,,,,,,1.2,3.5,,,,,,,,,,,,,,,,,,,,
192730,Collocation-Philly-New-002-02-New,,Outdoor,airgradient:588c813596c0,FALSE,5/23/2026 3:00,2026-05-23T07:00:00.000Z,20,2.8,1.9,376,,,,,,,,,,,1.1,3,,,,,,,,,,,,,,,,,,,,
192730,Collocation-Philly-New-002-02-New,,Outdoor,airgradient:588c813596c0,FALSE,5/23/2026 2:00,2026-05-23T06:00:00.000Z,20,2.2,1.8,359,,,,,,,,,,,0.9,2.5,,,,,,,,,,,,,,,,,,,,
192730,Collocation-Philly-New-002-02-New,,Outdoor,airgradient:588c813596c0,FALSE,5/23/2026 1:00,2026-05-23T05:00:00.000Z,19,1.7,1.7,335,,,,,,,,,,,0.7,2,,,,,,,,,,,,,,,,,,,,
192730,Collocation-Philly-New-002-02-New,,Outdoor,airgradient:588c813596c0,FALSE,5/23/2026 0:00,2026-05-23T04:00:00.000Z,20,1.7,1.7,338,,,,,,,,,,,0.6,1.8,,,,,,,,,,,,,,,,,,,,
192730,Collocation-Philly-New-002-02-New,,Outdoor,airgradient:588c813596c0,FALSE,5/22/2026 23:00,2026-05-23T03:00:00.000Z,20,1.1,1.6,313,,,,,,,,,,,0.4,1.3,,,,,,,,,,,,,,,,,,,,
192730,Collocation-Philly-New-002-02-New,,Outdoor,airgradient:588c813596c0,FALSE,5/22/2026 22:00,2026-05-23T02:00:00.000Z,20,1.7,1.7,336,,,,,,,,,,,0.7,2,,,,,,,,,,,,,,,,,,,,
192730,Collocation-Philly-New-002-02-New,,Outdoor,airgradient:588c813596c0,FALSE,5/22/2026 21:00,2026-05-23T01:00:00.000Z,20,1.2,1.6,322,,,,,,,,,,,0.5,1.5,,,,,,,,,,,,,,,,,,,,
192730,Collocation-Philly-New-002-02-New,,Outdoor,airgradient:588c813596c0,FALSE,5/22/2026 20:00,2026-05-23T00:00:00.000Z,20,1,1.6,319,,,,,,,,,,,0.3,1.2,,,,,,,,,,,,,,,,,,,,
192730,Collocation-Philly-New-002-02-New,,Outdoor,airgradient:588c813596c0,TRUE,5/22/2026 19:00,2026-05-22T23:00:00.000Z,20,5.3,2.4,488,,,,,,,,,,,2.7,5.8,,,,,,,,,,,,,,,,,,,,
192730,Collocation-Philly-New-002-02-New,,Outdoor,airgradient:588c813596c0,TRUE,5/22/2026 18:00,2026-05-22T22:00:00.000Z,20,9.4,3.4,672,,,,,,,,,,,5.3,10.3,,,,,,,,,,,,,,,,,,,,
192730,Collocation-Philly-New-002-02-New,,Outdoor,airgradient:588c813596c0,TRUE,5/22/2026 17:00,2026-05-22T21:00:00.000Z,20,6.5,2.8,567,,,,,,,,,,,3.4,7.3,,,,,,,,,,,,,,,,,,,,
192730,Collocation-Philly-New-002-02-New,,Outdoor,airgradient:588c813596c0,TRUE,5/22/2026 16:00,2026-05-22T20:00:00.000Z,20,4.7,2.4,484,,,,,,,,,,,2.4,5.3,,,,,,,,,,,,,,,,,,,,
192730,Collocation-Philly-New-002-02-New,,Outdoor,airgradient:588c813596c0,TRUE,5/22/2026 15:00,2026-05-22T19:00:00.000Z,20,5.6,2.7,530,,,,,,,,,,,2.8,6.2,,,,,,,,,,,,,,,,,,,,
192730,Collocation-Philly-New-002-02-New,,Outdoor,airgradient:588c813596c0,TRUE,5/22/2026 14:00,2026-05-22T18:00:00.000Z,19,5.1,2.6,511,,,,,,,,,,,2.5,5.5,,,,,,,,,,,,,,,,,,,,
192730,Collocation-Philly-New-002-02-New,,Outdoor,airgradient:588c813596c0,TRUE,5/22/2026 13:00,2026-05-22T17:00:00.000Z,20,2.4,2,396,,,,,,,,,,,1,2.9,,,,,,,,,,,,,,,,,,,,
192730,Collocation-Philly-New-002-02-New,,Outdoor,airgradient:588c813596c0,TRUE,5/22/2026 12:00,2026-05-22T16:00:00.000Z,20,0.3,1.4,278,,,,,,,,,,,0.1,0.3,,,,,,,,,,,,,,,,,,,,
192730,Collocation-Philly-New-002-02-New,,Outdoor,airgradient:588c813596c0,TRUE,5/22/2026 11:00,2026-05-22T15:00:00.000Z,20,0.4,1.4,287,,,,,,,,,,,0.2,0.6,,,,,,,,,,,,,,,,,,,,
192730,Collocation-Philly-New-002-02-New,,Outdoor,airgradient:588c813596c0,TRUE,5/22/2026 10:00,2026-05-22T14:00:00.000Z,20,0.3,1.4,281,,,,,,,,,,,0.1,0.4,,,,,,,,,,,,,,,,,,,,
192730,Collocation-Philly-New-002-02-New,,Outdoor,airgradient:588c813596c0,TRUE,5/22/2026 9:00,2026-05-22T13:00:00.000Z,20,0.3,1.4,270,,,,,,,,,,,0.1,0.4,,,,,,,,,,,,,,,,,,,,
192730,Collocation-Philly-New-002-02-New,,Outdoor,airgradient:588c813596c0,TRUE,5/22/2026 8:00,2026-05-22T12:00:00.000Z,20,0.3,1.3,265,,,,,,,,,,,0.1,0.4,,,,,,,,,,,,,,,,,,,,
192730,Collocation-Philly-New-002-02-New,,Outdoor,airgradient:588c813596c0,FALSE,5/22/2026 7:00,2026-05-22T11:00:00.000Z,20,0.4,1.4,281,,,,,,,,,,,0.1,0.5,,,,,,,,,,,,,,,,,,,,
192730,Collocation-Philly-New-002-02-New,,Outdoor,airgradient:588c813596c0,FALSE,5/22/2026 6:00,2026-05-22T10:00:00.000Z,20,0.3,1.4,279,,,,,,,,,,,0.1,0.4,,,,,,,,,,,,,,,,,,,,
192730,Collocation-Philly-New-002-02-New,,Outdoor,airgradient:588c813596c0,FALSE,5/22/2026 5:00,2026-05-22T09:00:00.000Z,20,0.3,1.4,282,,,,,,,,,,,0.1,0.4,,,,,,,,,,,,,,,,,,,,
192730,Collocation-Philly-New-002-02-New,,Outdoor,airgradient:588c813596c0,FALSE,5/22/2026 4:00,2026-05-22T08:00:00.000Z,20,0.1,1.2,240,,,,,,,,,,,0,0.1,,,,,,,,,,,,,,,,,,,,
192730,Collocation-Philly-New-002-02-New,,Outdoor,airgradient:588c813596c0,FALSE,5/22/2026 3:00,2026-05-22T07:00:00.000Z,20,0.1,1.2,237,,,,,,,,,,,0,0.1,,,,,,,,,,,,,,,,,,,,
192730,Collocation-Philly-New-002-02-New,,Outdoor,airgradient:588c813596c0,FALSE,5/22/2026 2:00,2026-05-22T06:00:00.000Z,19,0.1,1.3,250,,,,,,,,,,,0,0.3,,,,,,,,,,,,,,,,,,,,
192730,Collocation-Philly-New-002-02-New,,Outdoor,airgradient:588c813596c0,FALSE,5/22/2026 1:00,2026-05-22T05:00:00.000Z,20,0.3,1.4,274,,,,,,,,,,,0.1,0.4,,,,,,,,,,,,,,,,,,,,
192730,Collocation-Philly-New-002-02-New,,Outdoor,airgradient:588c813596c0,FALSE,5/22/2026 0:00,2026-05-22T04:00:00.000Z,20,0.3,1.4,275,,,,,,,,,,,0.1,0.5,,,,,,,,,,,,,,,,,,,,
192730,Collocation-Philly-New-002-02-New,,Outdoor,airgradient:588c813596c0,FALSE,5/21/2026 23:00,2026-05-22T03:00:00.000Z,20,0.2,1.3,255,,,,,,,,,,,0,0.3,,,,,,,,,,,,,,,,,,,,
192730,Collocation-Philly-New-002-02-New,,Outdoor,airgradient:588c813596c0,FALSE,5/21/2026 22:00,2026-05-22T02:00:00.000Z,20,0.1,1.2,248,,,,,,,,,,,0,0.2,,,,,,,,,,,,,,,,,,,,
192730,Collocation-Philly-New-002-02-New,,Outdoor,airgradient:588c813596c0,FALSE,5/21/2026 21:00,2026-05-22T01:00:00.000Z,20,0.1,1.2,245,,,,,,,,,,,0,0.1,,,,,,,,,,,,,,,,,,,,
192730,Collocation-Philly-New-002-02-New,,Outdoor,airgradient:588c813596c0,FALSE,5/21/2026 20:00,2026-05-22T00:00:00.000Z,20,0.3,1.4,274,,,,,,,,,,,0.1,0.4,,,,,,,,,,,,,,,,,,,,
192730,Collocation-Philly-New-002-02-New,,Outdoor,airgradient:588c813596c0,TRUE,5/21/2026 19:00,2026-05-21T23:00:00.000Z,20,0.3,1.4,275,,,,,,,,,,,0,0.3,,,,,,,,,,,,,,,,,,,,
192730,Collocation-Philly-New-002-02-New,,Outdoor,airgradient:588c813596c0,TRUE,5/21/2026 18:00,2026-05-21T22:00:00.000Z,20,0.4,1.4,279,,,,,,,,,,,0.2,0.5,,,,,,,,,,,,,,,,,,,,
192730,Collocation-Philly-New-002-02-New,,Outdoor,airgradient:588c813596c0,TRUE,5/21/2026 17:00,2026-05-21T21:00:00.000Z,20,0.8,1.6,323,,,,,,,,,,,0.3,1,,,,,,,,,,,,,,,,,,,,
192730,Collocation-Philly-New-002-02-New,,Outdoor,airgradient:588c813596c0,TRUE,5/21/2026 16:00,2026-05-21T20:00:00.000Z,20,0.3,1.4,276,,,,,,,,,,,0.1,0.4,,,,,,,,,,,,,,,,,,,,
192730,Collocation-Philly-New-002-02-New,,Outdoor,airgradient:588c813596c0,TRUE,5/21/2026 15:00,2026-05-21T19:00:00.000Z,19,1,1.7,332,,,,,,,,,,,0.4,1.2,,,,,,,,,,,,,,,,,,,,
192730,Collocation-Philly-New-002-02-New,,Outdoor,airgradient:588c813596c0,TRUE,5/21/2026 14:00,2026-05-21T18:00:00.000Z,20,2.1,1.9,376,,,,,,,,,,,1,2.2,,,,,,,,,,,,,,,,,,,,
192730,Collocation-Philly-New-002-02-New,,Outdoor,airgradient:588c813596c0,TRUE,5/21/2026 13:00,2026-05-21T17:00:00.000Z,20,0.8,1.6,314,,,,,,,,,,,0.3,0.9,,,,,,,,,,,,,,,,,,,,
192730,Collocation-Philly-New-002-02-New,,Outdoor,airgradient:588c813596c0,TRUE,5/21/2026 12:00,2026-05-21T16:00:00.000Z,20,0.3,1.4,279,,,,,,,,,,,0.1,0.4,,,,,,,,,,,,,,,,,,,,
192730,Collocation-Philly-New-002-02-New,,Outdoor,airgradient:588c813596c0,TRUE,5/21/2026 11:00,2026-05-21T15:00:00.000Z,20,0.1,1.1,217,,,,,,,,,,,0,0.1,,,,,,,,,,,,,,,,,,,,
192730,Collocation-Philly-New-002-02-New,,Outdoor,airgradient:588c813596c0,TRUE,5/21/2026 10:00,2026-05-21T14:00:00.000Z,20,0.1,1.2,231,,,,,,,,,,,0,0.2,,,,,,,,,,,,,,,,,,,,
192730,Collocation-Philly-New-002-02-New,,Outdoor,airgradient:588c813596c0,TRUE,5/21/2026 9:00,2026-05-21T13:00:00.000Z,20,0,1.1,221,,,,,,,,,,,0,0.1,,,,,,,,,,,,,,,,,,,,
192730,Collocation-Philly-New-002-02-New,,Outdoor,airgradient:588c813596c0,TRUE,5/21/2026 8:00,2026-05-21T12:00:00.000Z,20,0.1,1.2,234,,,,,,,,,,,0,0.1,,,,,,,,,,,,,,,,,,,,
192730,Collocation-Philly-New-002-02-New,,Outdoor,airgradient:588c813596c0,TRUE,5/21/2026 7:00,2026-05-21T11:00:00.000Z,20,0,1.1,229,,,,,,,,,,,0,0.1,,,,,,,,,,,,,,,,,,,,
192730,Collocation-Philly-New-002-02-New,,Outdoor,airgradient:588c813596c0,FALSE,5/21/2026 6:00,2026-05-21T10:00:00.000Z,20,0.1,1.1,226,,,,,,,,,,,0,0.2,,,,,,,,,,,,,,,,,,,,
192730,Collocation-Philly-New-002-02-New,,Outdoor,airgradient:588c813596c0,FALSE,5/21/2026 5:00,2026-05-21T09:00:00.000Z,19,0.1,1.2,232,,,,,,,,,,,0,0.1,,,,,,,,,,,,,,,,,,,,
192730,Collocation-Philly-New-002-02-New,,Outdoor,airgradient:588c813596c0,FALSE,5/21/2026 4:00,2026-05-21T08:00:00.000Z,20,0.1,1.2,250,,,,,,,,,,,0,0.2,,,,,,,,,,,,,,,,,,,,
192730,Collocation-Philly-New-002-02-New,,Outdoor,airgradient:588c813596c0,FALSE,5/21/2026 3:00,2026-05-21T07:00:00.000Z,20,0.1,1.3,254,,,,,,,,,,,0,0.2,,,,,,,,,,,,,,,,,,,,
192730,Collocation-Philly-New-002-02-New,,Outdoor,airgradient:588c813596c0,FALSE,5/21/2026 2:00,2026-05-21T06:00:00.000Z,20,0.2,1.2,249,,,,,,,,,,,0.1,0.2,,,,,,,,,,,,,,,,,,,,
192730,Collocation-Philly-New-002-02-New,,Outdoor,airgradient:588c813596c0,FALSE,5/21/2026 1:00,2026-05-21T05:00:00.000Z,20,0.3,1.4,276,,,,,,,,,,,0.1,0.4,,,,,,,,,,,,,,,,,,,,
192730,Collocation-Philly-New-002-02-New,,Outdoor,airgradient:588c813596c0,FALSE,5/21/2026 0:00,2026-05-21T04:00:00.000Z,20,1,1.6,323,,,,,,,,,,,0.3,1.2,,,,,,,,,,,,,,,,,,,,
192730,Collocation-Philly-New-002-02-New,,Outdoor,airgradient:588c813596c0,FALSE,5/20/2026 23:00,2026-05-21T03:00:00.000Z,20,1,1.6,323,,,,,,,,,,,0.2,1.2,,,,,,,,,,,,,,,,,,,,
192730,Collocation-Philly-New-002-02-New,,Outdoor,airgradient:588c813596c0,FALSE,5/20/2026 22:00,2026-05-21T02:00:00.000Z,20,0.5,1.5,298,,,,,,,,,,,0.1,0.7,,,,,,,,,,,,,,,,,,,,
192730,Collocation-Philly-New-002-02-New,,Outdoor,airgradient:588c813596c0,FALSE,5/20/2026 21:00,2026-05-21T01:00:00.000Z,20,0.3,1.5,293,,,,,,,,,,,0.1,0.6,,,,,,,,,,,,,,,,,,,,
192730,Collocation-Philly-New-002-02-New,,Outdoor,airgradient:588c813596c0,FALSE,5/20/2026 20:00,2026-05-21T00:00:00.000Z,20,3.1,2.1,421,,,,,,,,,,,1.4,3.5,,,,,,,,,,,,,,,,,,,,
192730,Collocation-Philly-New-002-02-New,,Outdoor,airgradient:588c813596c0,TRUE,5/20/2026 19:00,2026-05-20T23:00:00.000Z,20,5,2.4,488,,,,,,,,,,,2.3,5.4,,,,,,,,,,,,,,,,,,,,
192730,Collocation-Philly-New-002-02-New,,Outdoor,airgradient:588c813596c0,TRUE,5/20/2026 18:00,2026-05-20T22:00:00.000Z,20,4.2,2.3,460,,,,,,,,,,,1.8,4.5,,,,,,,,,,,,,,,,,,,,
192730,Collocation-Philly-New-002-02-New,,Outdoor,airgradient:588c813596c0,TRUE,5/20/2026 17:00,2026-05-20T21:00:00.000Z,19,5.8,2.6,517,,,,,,,,,,,2.9,6.1,,,,,,,,,,,,,,,,,,,,
192730,Collocation-Philly-New-002-02-New,,Outdoor,airgradient:588c813596c0,TRUE,5/20/2026 16:00,2026-05-20T20:00:00.000Z,20,4.4,2.4,474,,,,,,,,,,,2.2,4.9,,,,,,,,,,,,,,,,,,,,
192730,Collocation-Philly-New-002-02-New,,Outdoor,airgradient:588c813596c0,TRUE,5/20/2026 15:00,2026-05-20T19:00:00.000Z,20,4.1,2.4,472,,,,,,,,,,,2.2,4.3,,,,,,,,,,,,,,,,,,,,
192730,Collocation-Philly-New-002-02-New,,Outdoor,airgradient:588c813596c0,TRUE,5/20/2026 14:00,2026-05-20T18:00:00.000Z,20,6.6,2.9,576,,,,,,,,,,,3.6,7,,,,,,,,,,,,,,,,,,,,
192730,Collocation-Philly-New-002-02-New,,Outdoor,airgradient:588c813596c0,TRUE,5/20/2026 13:00,2026-05-20T17:00:00.000Z,20,5.9,2.7,545,,,,,,,,,,,3.2,6.3,,,,,,,,,,,,,,,,,,,,
192730,Collocation-Philly-New-002-02-New,,Outdoor,airgradient:588c813596c0,TRUE,5/20/2026 12:00,2026-05-20T16:00:00.000Z,20,4.6,2.4,489,,,,,,,,,,,2.3,4.8,,,,,,,,,,,,,,,,,,,,
192730,Collocation-Philly-New-002-02-New,,Outdoor,airgradient:588c813596c0,TRUE,5/20/2026 11:00,2026-05-20T15:00:00.000Z,20,3.6,2.3,458,,,,,,,,,,,1.8,3.8,,,,,,,,,,,,,,,,,,,,
192730,Collocation-Philly-New-002-02-New,,Outdoor,airgradient:588c813596c0,TRUE,5/20/2026 10:00,2026-05-20T14:00:00.000Z,20,3.7,2.3,463,,,,,,,,,,,2,4.1,,,,,,,,,,,,,,,,,,,,
192730,Collocation-Philly-New-002-02-New,,Outdoor,airgradient:588c813596c0,TRUE,5/20/2026 9:00,2026-05-20T13:00:00.000Z,20,7,2.9,586,,,,,,,,,,,4,7.5,,,,,,,,,,,,,,,,,,,,
192730,Collocation-Philly-New-002-02-New,,Outdoor,airgradient:588c813596c0,TRUE,5/20/2026 8:00,2026-05-20T12:00:00.000Z,20,12.6,3.8,751,,,,,,,,,,,7,13.4,,,,,,,,,,,,,,,,,,,,
192730,Collocation-Philly-New-002-02-New,,Outdoor,airgradient:588c813596c0,TRUE,5/20/2026 7:00,2026-05-20T11:00:00.000Z,19,15.8,4.2,849,,,,,,,,,,,8.8,16.9,,,,,,,,,,,,,,,,,,,,
192730,Collocation-Philly-New-002-02-New,,Outdoor,airgradient:588c813596c0,FALSE,5/20/2026 6:00,2026-05-20T10:00:00.000Z,20,15.7,4.2,843,,,,,,,,,,,9.1,17.3,,,,,,,,,,,,,,,,,,,,
192730,Collocation-Philly-New-002-02-New,,Outdoor,airgradient:588c813596c0,FALSE,5/20/2026 5:00,2026-05-20T09:00:00.000Z,20,16.2,4.2,848,,,,,,,,,,,8.9,18,,,,,,,,,,,,,,,,,,,,
192730,Collocation-Philly-New-002-02-New,,Outdoor,airgradient:588c813596c0,FALSE,5/20/2026 4:00,2026-05-20T08:00:00.000Z,20,16.2,4.3,855,,,,,,,,,,,9,17.6,,,,,,,,,,,,,,,,,,,,
192730,Collocation-Philly-New-002-02-New,,Outdoor,airgradient:588c813596c0,FALSE,5/20/2026 3:00,2026-05-20T07:00:00.000Z,20,16.6,4.3,856,,,,,,,,,,,9.4,18,,,,,,,,,,,,,,,,,,,,
192730,Collocation-Philly-New-002-02-New,,Outdoor,airgradient:588c813596c0,FALSE,5/20/2026 2:00,2026-05-20T06:00:00.000Z,20,15.9,4.2,844,,,,,,,,,,,8.8,17.2,,,,,,,,,,,,,,,,,,,,
192730,Collocation-Philly-New-002-02-New,,Outdoor,airgradient:588c813596c0,FALSE,5/20/2026 1:00,2026-05-20T05:00:00.000Z,20,13.6,3.9,779,,,,,,,,,,,7.2,14.9,,,,,,,,,,,,,,,,,,,,
192730,Collocation-Philly-New-002-02-New,,Outdoor,airgradient:588c813596c0,FALSE,5/20/2026 0:00,2026-05-20T04:00:00.000Z,20,12.9,3.8,766,,,,,,,,,,,7,14.2,,,,,,,,,,,,,,,,,,,,
192730,Collocation-Philly-New-002-02-New,,Outdoor,airgradient:588c813596c0,FALSE,5/19/2026 23:00,2026-05-20T03:00:00.000Z,20,11.5,3.6,719,,,,,,,,,,,6.1,12.1,,,,,,,,,,,,,,,,,,,,
192730,Collocation-Philly-New-002-02-New,,Outdoor,airgradient:588c813596c0,FALSE,5/19/2026 22:00,2026-05-20T02:00:00.000Z,20,11.5,3.6,710,,,,,,,,,,,6.2,12.2,,,,,,,,,,,,,,,,,,,,
192730,Collocation-Philly-New-002-02-New,,Outdoor,airgradient:588c813596c0,FALSE,5/19/2026 21:00,2026-05-20T01:00:00.000Z,20,9.9,3.4,671,,,,,,,,,,,5.2,10.5,,,,,,,,,,,,,,,,,,,,
192730,Collocation-Philly-New-002-02-New,,Outdoor,airgradient:588c813596c0,FALSE,5/19/2026 20:00,2026-05-20T00:00:00.000Z,19,8,3.1,615,,,,,,,,,,,4.4,8.5,,,,,,,,,,,,,,,,,,,,
192730,Collocation-Philly-New-002-02-New,,Outdoor,airgradient:588c813596c0,TRUE,5/19/2026 19:00,2026-05-19T23:00:00.000Z,20,6.6,2.9,577,,,,,,,,,,,3.8,7,,,,,,,,,,,,,,,,,,,,
192730,Collocation-Philly-New-002-02-New,,Outdoor,airgradient:588c813596c0,TRUE,5/19/2026 18:00,2026-05-19T22:00:00.000Z,20,7.2,2.9,581,,,,,,,,,,,4,7.6,,,,,,,,,,,,,,,,,,,,
192730,Collocation-Philly-New-002-02-New,,Outdoor,airgradient:588c813596c0,TRUE,5/19/2026 17:00,2026-05-19T21:00:00.000Z,20,6,2.8,559,,,,,,,,,,,3.5,6.5,,,,,,,,,,,,,,,,,,,,
192730,Collocation-Philly-New-002-02-New,,Outdoor,airgradient:588c813596c0,TRUE,5/19/2026 16:00,2026-05-19T20:00:00.000Z,20,8.3,3.1,624,,,,,,,,,,,4.8,8.7,,,,,,,,,,,,,,,,,,,,
192730,Collocation-Philly-New-002-02-New,,Outdoor,airgradient:588c813596c0,TRUE,5/19/2026 15:00,2026-05-19T19:00:00.000Z,20,6.6,3,591,,,,,,,,,,,3.9,6.8,,,,,,,,,,,,,,,,,,,,
192730,Collocation-Philly-New-002-02-New,,Outdoor,airgradient:588c813596c0,TRUE,5/19/2026 14:00,2026-05-19T18:00:00.000Z,20,7.8,3.2,633,,,,,,,,,,,4.7,8.3,,,,,,,,,,,,,,,,,,,,
192730,Collocation-Philly-New-002-02-New,,Outdoor,airgradient:588c813596c0,TRUE,5/19/2026 13:00,2026-05-19T17:00:00.000Z,20,5.6,2.7,550,,,,,,,,,,,3.2,5.9,,,,,,,,,,,,,,,,,,,,
192730,Collocation-Philly-New-002-02-New,,Outdoor,airgradient:588c813596c0,TRUE,5/19/2026 12:00,2026-05-19T16:00:00.000Z,20,7.3,3,604,,,,,,,,,,,4.2,7.7,,,,,,,,,,,,,,,,,,,,
192730,Collocation-Philly-New-002-02-New,,Outdoor,airgradient:588c813596c0,TRUE,5/19/2026 11:00,2026-05-19T15:00:00.000Z,20,15.8,4.3,864,,,,,,,,,,,9.8,16.4,,,,,,,,,,,,,,,,,,,,
192730,Collocation-Philly-New-002-02-New,,Outdoor,airgradient:588c813596c0,TRUE,5/19/2026 10:00,2026-05-19T14:00:00.000Z,20,19.2,5.1,1014,,,,,,,,,,,13,19.7,,,,,,,,,,,,,,,,,,,,
192730,Collocation-Philly-New-002-02-New,,Outdoor,airgradient:588c813596c0,TRUE,5/19/2026 9:00,2026-05-19T13:00:00.000Z,19,24.6,6.1,1221,,,,,,,,,,,17.7,25.5,,,,,,,,,,,,,,,,,,,,
192730,Collocation-Philly-New-002-02-New,,Outdoor,airgradient:588c813596c0,TRUE,5/19/2026 8:00,2026-05-19T12:00:00.000Z,20,30.4,7.5,1491,,,,,,,,,,,21.2,33.8,,,,,,,,,,,,,,,,,,,,
192730,Collocation-Philly-New-002-02-New,,Outdoor,airgradient:588c813596c0,TRUE,5/19/2026 7:00,2026-05-19T11:00:00.000Z,20,36.1,9.2,1843,,,,,,,,,,,24.2,42.5,,,,,,,,,,,,,,,,,,,,
192730,Collocation-Philly-New-002-02-New,,Outdoor,airgradient:588c813596c0,FALSE,5/19/2026 6:00,2026-05-19T10:00:00.000Z,20,36.4,9.3,1851,,,,,,,,,,,24.2,42.9,,,,,,,,,,,,,,,,,,,,
192730,Collocation-Philly-New-002-02-New,,Outdoor,airgradient:588c813596c0,FALSE,5/19/2026 5:00,2026-05-19T09:00:00.000Z,20,36.6,9.3,1851,,,,,,,,,,,24.2,43.1,,,,,,,,,,,,,,,,,,,,
192730,Collocation-Philly-New-002-02-New,,Outdoor,airgradient:588c813596c0,FALSE,5/19/2026 4:00,2026-05-19T08:00:00.000Z,20,36.5,9.3,1868,,,,,,,,,,,24.4,43.4,,,,,,,,,,,,,,,,,,,,
192730,Collocation-Philly-New-002-02-New,,Outdoor,airgradient:588c813596c0,FALSE,5/19/2026 3:00,2026-05-19T07:00:00.000Z,20,36.4,9.4,1882,,,,,,,,,,,24.5,42.9,,,,,,,,,,,,,,,,,,,,
192730,Collocation-Philly-New-002-02-New,,Outdoor,airgradient:588c813596c0,FALSE,5/19/2026 2:00,2026-05-19T06:00:00.000Z,20,35.4,9.1,1828,,,,,,,,,,,24.1,41.8,,,,,,,,,,,,,,,,,,,,
192730,Collocation-Philly-New-002-02-New,,Outdoor,airgradient:588c813596c0,FALSE,5/19/2026 1:00,2026-05-19T05:00:00.000Z,20,34.4,8.9,1777,,,,,,,,,,,23.6,39.4,,,,,,,,,,,,,,,,,,,,
192730,Collocation-Philly-New-002-02-New,,Outdoor,airgradient:588c813596c0,FALSE,5/19/2026 0:00,2026-05-19T04:00:00.000Z,20,34,8.9,1779,,,,,,,,,,,23.6,39.4,,,,,,,,,,,,,,,,,,,,
192730,Collocation-Philly-New-002-02-New,,Outdoor,airgradient:588c813596c0,FALSE,5/18/2026 23:00,2026-05-19T03:00:00.000Z,20,34.3,8.9,1785,,,,,,,,,,,23.6,39.4,,,,,,,,,,,,,,,,,,,,
192730,Collocation-Philly-New-002-02-New,,Outdoor,airgradient:588c813596c0,FALSE,5/18/2026 22:00,2026-05-19T02:00:00.000Z,19,32.6,8.3,1658,,,,,,,,,,,22.5,36.5,,,,,,,,,,,,,,,,,,,,
192730,Collocation-Philly-New-002-02-New,,Outdoor,airgradient:588c813596c0,FALSE,5/18/2026 21:00,2026-05-19T01:00:00.000Z,20,31.7,7.9,1589,,,,,,,,,,,22.4,35.2,,,,,,,,,,,,,,,,,,,,
192730,Collocation-Philly-New-002-02-New,,Outdoor,airgradient:588c813596c0,FALSE,5/18/2026 20:00,2026-05-19T00:00:00.000Z,20,21.7,5.6,1115,,,,,,,,,,,15.5,22.5,,,,,,,,,,,,,,,,,,,,
192730,Collocation-Philly-New-002-02-New,,Outdoor,airgradient:588c813596c0,TRUE,5/18/2026 19:00,2026-05-18T23:00:00.000Z,20,21.8,5.7,1140,,,,,,,,,,,15.1,22.7,,,,,,,,,,,,,,,,,,,,
192730,Collocation-Philly-New-002-02-New,,Outdoor,airgradient:588c813596c0,TRUE,5/18/2026 18:00,2026-05-18T22:00:00.000Z,20,19,5.2,1047,,,,,,,,,,,13.5,19.6,,,,,,,,,,,,,,,,,,,,
192730,Collocation-Philly-New-002-02-New,,Outdoor,airgradient:588c813596c0,TRUE,5/18/2026 17:00,2026-05-18T21:00:00.000Z,20,17.3,4.9,979,,,,,,,,,,,12.1,17.8,,,,,,,,,,,,,,,,,,,,
192730,Collocation-Philly-New-002-02-New,,Outdoor,airgradient:588c813596c0,TRUE,5/18/2026 16:00,2026-05-18T20:00:00.000Z,20,16.3,4.7,938,,,,,,,,,,,11.3,16.8,,,,,,,,,,,,,,,,,,,,
192730,Collocation-Philly-New-002-02-New,,Outdoor,airgradient:588c813596c0,TRUE,5/18/2026 15:00,2026-05-18T19:00:00.000Z,20,16.7,4.6,927,,,,,,,,,,,11.4,17.6,,,,,,,,,,,,,,,,,,,,
192730,Collocation-Philly-New-002-02-New,,Outdoor,airgradient:588c813596c0,TRUE,5/18/2026 14:00,2026-05-18T18:00:00.000Z,20,16.1,4.7,930,,,,,,,,,,,11.2,16.8,,,,,,,,,,,,,,,,,,,,
192730,Collocation-Philly-New-002-02-New,,Outdoor,airgradient:588c813596c0,TRUE,5/18/2026 13:00,2026-05-18T17:00:00.000Z,20,17.2,4.8,958,,,,,,,,,,,11.9,17.6,,,,,,,,,,,,,,,,,,,,
192730,Collocation-Philly-New-002-02-New,,Outdoor,airgradient:588c813596c0,TRUE,5/18/2026 12:00,2026-05-18T16:00:00.000Z,19,20.5,5.4,1085,,,,,,,,,,,14.6,21.2,,,,,,,,,,,,,,,,,,,,
192730,Collocation-Philly-New-002-02-New,,Outdoor,airgradient:588c813596c0,TRUE,5/18/2026 11:00,2026-05-18T15:00:00.000Z,20,20.6,5.4,1075,,,,,,,,,,,14.8,21.1,,,,,,,,,,,,,,,,,,,,
192730,Collocation-Philly-New-002-02-New,,Outdoor,airgradient:588c813596c0,TRUE,5/18/2026 10:00,2026-05-18T14:00:00.000Z,20,18.8,5.1,1027,,,,,,,,,,,13.2,19.3,,,,,,,,,,,,,,,,,,,,
192730,Collocation-Philly-New-002-02-New,,Outdoor,airgradient:588c813596c0,TRUE,5/18/2026 9:00,2026-05-18T13:00:00.000Z,20,20.8,5.3,1060,,,,,,,,,,,14.2,21.4,,,,,,,,,,,,,,,,,,,,
192730,Collocation-Philly-New-002-02-New,,Outdoor,airgradient:588c813596c0,TRUE,5/18/2026 8:00,2026-05-18T12:00:00.000Z,20,22.3,5.6,1110,,,,,,,,,,,15.3,23.3,,,,,,,,,,,,,,,,,,,,
192730,Collocation-Philly-New-002-02-New,,Outdoor,airgradient:588c813596c0,FALSE,5/18/2026 7:00,2026-05-18T11:00:00.000Z,20,21.3,5.3,1069,,,,,,,,,,,13.8,22.5,,,,,,,,,,,,,,,,,,,,
192730,Collocation-Philly-New-002-02-New,,Outdoor,airgradient:588c813596c0,FALSE,5/18/2026 6:00,2026-05-18T10:00:00.000Z,20,23.6,5.6,1124,,,,,,,,,,,15,25,,,,,,,,,,,,,,,,,,,,
192730,Collocation-Philly-New-002-02-New,,Outdoor,airgradient:588c813596c0,FALSE,5/18/2026 5:00,2026-05-18T09:00:00.000Z,20,25.5,6.1,1216,,,,,,,,,,,16.8,27,,,,,,,,,,,,,,,,,,,,
192730,Collocation-Philly-New-002-02-New,,Outdoor,airgradient:588c813596c0,FALSE,5/18/2026 4:00,2026-05-18T08:00:00.000Z,20,25.3,6.2,1233,,,,,,,,,,,16.8,26.7,,,,,,,,,,,,,,,,,,,,
192730,Collocation-Philly-New-002-02-New,,Outdoor,airgradient:588c813596c0,FALSE,5/18/2026 3:00,2026-05-18T07:00:00.000Z,20,24.6,6.1,1212,,,,,,,,,,,16.6,26,,,,,,,,,,,,,,,,,,,,
192730,Collocation-Philly-New-002-02-New,,Outdoor,airgradient:588c813596c0,FALSE,5/18/2026 2:00,2026-05-18T06:00:00.000Z,20,23.9,6,1191,,,,,,,,,,,16,25.4,,,,,,,,,,,,,,,,,,,,
192730,Collocation-Philly-New-002-02-New,,Outdoor,airgradient:588c813596c0,FALSE,5/18/2026 1:00,2026-05-18T05:00:00.000Z,19,24.5,6.3,1253,,,,,,,,,,,16.6,25.8,,,,,,,,,,,,,,,,,,,,
192730,Collocation-Philly-New-002-02-New,,Outdoor,airgradient:588c813596c0,FALSE,5/18/2026 0:00,2026-05-18T04:00:00.000Z,20,24.8,6.2,1241,,,,,,,,,,,16.8,26.4,,,,,,,,,,,,,,,,,,,,
192730,Collocation-Philly-New-002-02-New,,Outdoor,airgradient:588c813596c0,FALSE,5/17/2026 23:00,2026-05-18T03:00:00.000Z,20,23.4,6,1200,,,,,,,,,,,16,24.7,,,,,,,,,,,,,,,,,,,,
192730,Collocation-Philly-New-002-02-New,,Outdoor,airgradient:588c813596c0,FALSE,5/17/2026 22:00,2026-05-18T02:00:00.000Z,20,22.8,5.7,1140,,,,,,,,,,,15.4,23.8,,,,,,,,,,,,,,,,,,,,
192730,Collocation-Philly-New-002-02-New,,Outdoor,airgradient:588c813596c0,FALSE,5/17/2026 21:00,2026-05-18T01:00:00.000Z,20,18.9,5,995,,,,,,,,,,,13,19.7,,,,,,,,,,,,,,,,,,,,
192730,Collocation-Philly-New-002-02-New,,Outdoor,airgradient:588c813596c0,FALSE,5/17/2026 20:00,2026-05-18T00:00:00.000Z,20,16,4.5,901,,,,,,,,,,,10.4,16.5,,,,,,,,,,,,,,,,,,,,
192730,Collocation-Philly-New-002-02-New,,Outdoor,airgradient:588c813596c0,TRUE,5/17/2026 19:00,2026-05-17T23:00:00.000Z,20,15,4.3,864,,,,,,,,,,,9.4,15.9,,,,,,,,,,,,,,,,,,,,
192730,Collocation-Philly-New-002-02-New,,Outdoor,airgradient:588c813596c0,TRUE,5/17/2026 18:00,2026-05-17T22:00:00.000Z,20,16.3,4.4,886,,,,,,,,,,,10.3,16.8,,,,,,,,,,,,,,,,,,,,
192730,Collocation-Philly-New-002-02-New,,Outdoor,airgradient:588c813596c0,TRUE,5/17/2026 17:00,2026-05-17T21:00:00.000Z,20,16.3,4.6,911,,,,,,,,,,,10.7,17.1,,,,,,,,,,,,,,,,,,,,
192730,Collocation-Philly-New-002-02-New,,Outdoor,airgradient:588c813596c0,TRUE,5/17/2026 16:00,2026-05-17T20:00:00.000Z,20,17.3,4.7,940,,,,,,,,,,,11.5,18.3,,,,,,,,,,,,,,,,,,,,
192730,Collocation-Philly-New-002-02-New,,Outdoor,airgradient:588c813596c0,TRUE,5/17/2026 15:00,2026-05-17T19:00:00.000Z,20,19.5,5,1009,,,,,,,,,,,13.6,20.1,,,,,,,,,,,,,,,,,,,,
192730,Collocation-Philly-New-002-02-New,,Outdoor,airgradient:588c813596c0,TRUE,5/17/2026 14:00,2026-05-17T18:00:00.000Z,19,19.9,5,998,,,,,,,,,,,13.5,20.4,,,,,,,,,,,,,,,,,,,,
192730,Collocation-Philly-New-002-02-New,,Outdoor,airgradient:588c813596c0,TRUE,5/17/2026 13:00,2026-05-17T17:00:00.000Z,20,18.2,4.8,963,,,,,,,,,,,12.4,18.7,,,,,,,,,,,,,,,,,,,,
192730,Collocation-Philly-New-002-02-New,,Outdoor,airgradient:588c813596c0,TRUE,5/17/2026 12:00,2026-05-17T16:00:00.000Z,20,17.8,4.8,956,,,,,,,,,,,11.7,18.8,,,,,,,,,,,,,,,,,,,,
192730,Collocation-Philly-New-002-02-New,,Outdoor,airgradient:588c813596c0,TRUE,5/17/2026 11:00,2026-05-17T15:00:00.000Z,20,16.6,4.5,899,,,,,,,,,,,10.6,17.6,,,,,,,,,,,,,,,,,,,,
192730,Collocation-Philly-New-002-02-New,,Outdoor,airgradient:588c813596c0,TRUE,5/17/2026 10:00,2026-05-17T14:00:00.000Z,20,13.9,4.1,829,,,,,,,,,,,8.9,14.6,,,,,,,,,,,,,,,,,,,,
192730,Collocation-Philly-New-002-02-New,,Outdoor,airgradient:588c813596c0,TRUE,5/17/2026 9:00,2026-05-17T13:00:00.000Z,20,15.2,4.3,860,,,,,,,,,,,9.6,15.9,,,,,,,,,,,,,,,,,,,,
192730,Collocation-Philly-New-002-02-New,,Outdoor,airgradient:588c813596c0,TRUE,5/17/2026 8:00,2026-05-17T12:00:00.000Z,20,21.2,5.4,1076,,,,,,,,,,,13.7,22.2,,,,,,,,,,,,,,,,,,,,
192730,Collocation-Philly-New-002-02-New,,Outdoor,airgradient:588c813596c0,TRUE,5/17/2026 7:00,2026-05-17T11:00:00.000Z,20,24.4,5.9,1180,,,,,,,,,,,15.7,26.1,,,,,,,,,,,,,,,,,,,,
192730,Collocation-Philly-New-002-02-New,,Outdoor,airgradient:588c813596c0,FALSE,5/17/2026 6:00,2026-05-17T10:00:00.000Z,20,24.6,5.7,1149,,,,,,,,,,,15,26.6,,,,,,,,,,,,,,,,,,,,
192730,Collocation-Philly-New-002-02-New,,Outdoor,airgradient:588c813596c0,FALSE,5/17/2026 5:00,2026-05-17T09:00:00.000Z,20,22.6,5.3,1062,,,,,,,,,,,13.7,24.3,,,,,,,,,,,,,,,,,,,,
192730,Collocation-Philly-New-002-02-New,,Outdoor,airgradient:588c813596c0,FALSE,5/17/2026 4:00,2026-05-17T08:00:00.000Z,20,21.2,5.2,1046,,,,,,,,,,,13.4,22.7,,,,,,,,,,,,,,,,,,,,
192730,Collocation-Philly-New-002-02-New,,Outdoor,airgradient:588c813596c0,FALSE,5/17/2026 3:00,2026-05-17T07:00:00.000Z,19,19.7,4.9,978,,,,,,,,,,,11.8,20.9,,,,,,,,,,,,,,,,,,,,
192730,Collocation-Philly-New-002-02-New,,Outdoor,airgradient:588c813596c0,FALSE,5/17/2026 2:00,2026-05-17T06:00:00.000Z,20,20.1,5,993,,,,,,,,,,,12.1,21.4,,,,,,,,,,,,,,,,,,,,
192730,Collocation-Philly-New-002-02-New,,Outdoor,airgradient:588c813596c0,FALSE,5/17/2026 1:00,2026-05-17T05:00:00.000Z,20,18.7,4.8,961,,,,,,,,,,,11.3,19.9,,,,,,,,,,,,,,,,,,,,
192730,Collocation-Philly-New-002-02-New,,Outdoor,airgradient:588c813596c0,FALSE,5/17/2026 0:00,2026-05-17T04:00:00.000Z,20,16,4.4,887,,,,,,,,,,,9.4,17.1,,,,,,,,,,,,,,,,,,,,
192730,Collocation-Philly-New-002-02-New,,Outdoor,airgradient:588c813596c0,FALSE,5/16/2026 23:00,2026-05-17T03:00:00.000Z,20,16.9,4.6,921,,,,,,,,,,,10.7,17.8,,,,,,,,,,,,,,,,,,,,
192730,Collocation-Philly-New-002-02-New,,Outdoor,airgradient:588c813596c0,FALSE,5/16/2026 22:00,2026-05-17T02:00:00.000Z,20,17.2,4.7,932,,,,,,,,,,,10.6,18.3,,,,,,,,,,,,,,,,,,,,
192730,Collocation-Philly-New-002-02-New,,Outdoor,airgradient:588c813596c0,FALSE,5/16/2026 21:00,2026-05-17T01:00:00.000Z,20,12.8,3.9,786,,,,,,,,,,,7.1,13.7,,,,,,,,,,,,,,,,,,,,
192730,Collocation-Philly-New-002-02-New,,Outdoor,airgradient:588c813596c0,FALSE,5/16/2026 20:00,2026-05-17T00:00:00.000Z,20,7.6,3.2,631,,,,,,,,,,,4.7,8,,,,,,,,,,,,,,,,,,,,
192730,Collocation-Philly-New-002-02-New,,Outdoor,airgradient:588c813596c0,TRUE,5/16/2026 19:00,2026-05-16T23:00:00.000Z,20,7.1,3.1,612,,,,,,,,,,,4.3,7.5,,,,,,,,,,,,,,,,,,,,
192730,Collocation-Philly-New-002-02-New,,Outdoor,airgradient:588c813596c0,TRUE,5/16/2026 18:00,2026-05-16T22:00:00.000Z,20,4.5,2.6,514,,,,,,,,,,,2.7,4.8,,,,,,,,,,,,,,,,,,,,
192730,Collocation-Philly-New-002-02-New,,Outdoor,airgradient:588c813596c0,TRUE,5/16/2026 17:00,2026-05-16T21:00:00.000Z,20,4.2,2.5,501,,,,,,,,,,,2.6,4.5,,,,,,,,,,,,,,,,,,,,
192730,Collocation-Philly-New-002-02-New,,Outdoor,airgradient:588c813596c0,TRUE,5/16/2026 16:00,2026-05-16T20:00:00.000Z,19,2.1,2,408,,,,,,,,,,,1.2,2.2,,,,,,,,,,,,,,,,,,,,
192730,Collocation-Philly-New-002-02-New,,Outdoor,airgradient:588c813596c0,TRUE,5/16/2026 15:00,2026-05-16T19:00:00.000Z,20,1.8,2,392,,,,,,,,,,,1,1.8,,,,,,,,,,,,,,,,,,,,
192730,Collocation-Philly-New-002-02-New,,Outdoor,airgradient:588c813596c0,TRUE,5/16/2026 14:00,2026-05-16T18:00:00.000Z,20,1.8,2,393,,,,,,,,,,,1,2,,,,,,,,,,,,,,,,,,,,
192730,Collocation-Philly-New-002-02-New,,Outdoor,airgradient:588c813596c0,TRUE,5/16/2026 13:00,2026-05-16T17:00:00.000Z,20,1.6,1.9,388,,,,,,,,,,,0.8,1.7,,,,,,,,,,,,,,,,,,,,
192730,Collocation-Philly-New-002-02-New,,Outdoor,airgradient:588c813596c0,TRUE,5/16/2026 12:00,2026-05-16T16:00:00.000Z,20,0.9,1.7,343,,,,,,,,,,,0.4,1,,,,,,,,,,,,,,,,,,,,
192730,Collocation-Philly-New-002-02-New,,Outdoor,airgradient:588c813596c0,TRUE,5/16/2026 11:00,2026-05-16T15:00:00.000Z,20,1,1.8,356,,,,,,,,,,,0.6,1.1,,,,,,,,,,,,,,,,,,,,
192730,Collocation-Philly-New-002-02-New,,Outdoor,airgradient:588c813596c0,TRUE,5/16/2026 10:00,2026-05-16T14:00:00.000Z,20,2.3,2.2,434,,,,,,,,,,,1.5,2.5,,,,,,,,,,,,,,,,,,,,
192730,Collocation-Philly-New-002-02-New,,Outdoor,airgradient:588c813596c0,TRUE,5/16/2026 9:00,2026-05-16T13:00:00.000Z,20,5.3,2.8,561,,,,,,,,,,,3.4,5.5,,,,,,,,,,,,,,,,,,,,
192730,Collocation-Philly-New-002-02-New,,Outdoor,airgradient:588c813596c0,TRUE,5/16/2026 8:00,2026-05-16T12:00:00.000Z,20,7,3.2,632,,,,,,,,,,,4.6,7.4,,,,,,,,,,,,,,,,,,,,
192730,Collocation-Philly-New-002-02-New,,Outdoor,airgradient:588c813596c0,TRUE,5/16/2026 7:00,2026-05-16T11:00:00.000Z,20,2,1.9,378,,,,,,,,,,,1.1,2.2,,,,,,,,,,,,,,,,,,,,
192730,Collocation-Philly-New-002-02-New,,Outdoor,airgradient:588c813596c0,FALSE,5/16/2026 6:00,2026-05-16T10:00:00.000Z,20,1.6,1.8,356,,,,,,,,,,,0.8,1.9,,,,,,,,,,,,,,,,,,,,
192730,Collocation-Philly-New-002-02-New,,Outdoor,airgradient:588c813596c0,FALSE,5/16/2026 5:00,2026-05-16T09:00:00.000Z,19,2.4,1.9,384,,,,,,,,,,,1.3,2.7,,,,,,,,,,,,,,,,,,,,
192730,Collocation-Philly-New-002-02-New,,Outdoor,airgradient:588c813596c0,FALSE,5/16/2026 4:00,2026-05-16T08:00:00.000Z,20,2.8,2,397,,,,,,,,,,,1.3,3.1,,,,,,,,,,,,,,,,,,,,
192730,Collocation-Philly-New-002-02-New,,Outdoor,airgradient:588c813596c0,FALSE,5/16/2026 3:00,2026-05-16T07:00:00.000Z,20,2.7,2,406,,,,,,,,,,,1.4,2.8,,,,,,,,,,,,,,,,,,,,
192730,Collocation-Philly-New-002-02-New,,Outdoor,airgradient:588c813596c0,FALSE,5/16/2026 2:00,2026-05-16T06:00:00.000Z,20,4.5,2.5,497,,,,,,,,,,,2.5,4.9,,,,,,,,,,,,,,,,,,,,
192730,Collocation-Philly-New-002-02-New,,Outdoor,airgradient:588c813596c0,FALSE,5/16/2026 1:00,2026-05-16T05:00:00.000Z,20,5.2,2.6,530,,,,,,,,,,,3.2,5.8,,,,,,,,,,,,,,,,,,,,
192730,Collocation-Philly-New-002-02-New,,Outdoor,airgradient:588c813596c0,FALSE,5/16/2026 0:00,2026-05-16T04:00:00.000Z,20,3.9,2.4,470,,,,,,,,,,,2.3,4.2,,,,,,,,,,,,,,,,,,,,
192730,Collocation-Philly-New-002-02-New,,Outdoor,airgradient:588c813596c0,FALSE,5/15/2026 23:00,2026-05-16T03:00:00.000Z,20,2.9,2.1,423,,,,,,,,,,,1.6,3.1,,,,,,,,,,,,,,,,,,,,
192730,Collocation-Philly-New-002-02-New,,Outdoor,airgradient:588c813596c0,FALSE,5/15/2026 22:00,2026-05-16T02:00:00.000Z,20,1.3,1.7,347,,,,,,,,,,,0.5,1.5,,,,,,,,,,,,,,,,,,,,
192730,Collocation-Philly-New-002-02-New,,Outdoor,airgradient:588c813596c0,FALSE,5/15/2026 21:00,2026-05-16T01:00:00.000Z,20,0.5,1.5,302,,,,,,,,,,,0.3,0.6,,,,,,,,,,,,,,,,,,,,
192730,Collocation-Philly-New-002-02-New,,Outdoor,airgradient:588c813596c0,FALSE,5/15/2026 20:00,2026-05-16T00:00:00.000Z,20,0.4,1.4,282,,,,,,,,,,,0.1,0.5,,,,,,,,,,,,,,,,,,,,
192730,Collocation-Philly-New-002-02-New,,Outdoor,airgradient:588c813596c0,TRUE,5/15/2026 19:00,2026-05-15T23:00:00.000Z,20,0.1,1.2,243,,,,,,,,,,,0,0.1,,,,,,,,,,,,,,,,,,,,
192730,Collocation-Philly-New-002-02-New,,Outdoor,airgradient:588c813596c0,TRUE,5/15/2026 18:00,2026-05-15T22:00:00.000Z,19,0,1.1,224,,,,,,,,,,,0,0.1,,,,,,,,,,,,,,,,,,,,
192730,Collocation-Philly-New-002-02-New,,Outdoor,airgradient:588c813596c0,TRUE,5/15/2026 17:00,2026-05-15T21:00:00.000Z,20,0,1.1,227,,,,,,,,,,,0,0,,,,,,,,,,,,,,,,,,,,
192730,Collocation-Philly-New-002-02-New,,Outdoor,airgradient:588c813596c0,TRUE,5/15/2026 16:00,2026-05-15T20:00:00.000Z,20,0,1.1,219,,,,,,,,,,,0,0,,,,,,,,,,,,,,,,,,,,
192730,Collocation-Philly-New-002-02-New,,Outdoor,airgradient:588c813596c0,TRUE,5/15/2026 15:00,2026-05-15T19:00:00.000Z,20,0,1.1,211,,,,,,,,,,,0,0,,,,,,,,,,,,,,,,,,,,
192730,Collocation-Philly-New-002-02-New,,Outdoor,airgradient:588c813596c0,TRUE,5/15/2026 14:00,2026-05-15T18:00:00.000Z,20,0,1,209,,,,,,,,,,,0,0,,,,,,,,,,,,,,,,,,,,
192730,Collocation-Philly-New-002-02-New,,Outdoor,airgradient:588c813596c0,TRUE,5/15/2026 13:00,2026-05-15T17:00:00.000Z,20,0,1,204,,,,,,,,,,,0,0,,,,,,,,,,,,,,,,,,,,
192730,Collocation-Philly-New-002-02-New,,Outdoor,airgradient:588c813596c0,TRUE,5/15/2026 12:00,2026-05-15T16:00:00.000Z,20,0,1,199,,,,,,,,,,,0,0,,,,,,,,,,,,,,,,,,,,
192730,Collocation-Philly-New-002-02-New,,Outdoor,airgradient:588c813596c0,TRUE,5/15/2026 11:00,2026-05-15T15:00:00.000Z,20,0,1,192,,,,,,,,,,,0,0,,,,,,,,,,,,,,,,,,,,
192730,Collocation-Philly-New-002-02-New,,Outdoor,airgradient:588c813596c0,TRUE,5/15/2026 10:00,2026-05-15T14:00:00.000Z,20,0,0.9,174,,,,,,,,,,,0,0,,,,,,,,,,,,,,,,,,,,
192730,Collocation-Philly-New-002-02-New,,Outdoor,airgradient:588c813596c0,TRUE,5/15/2026 9:00,2026-05-15T13:00:00.000Z,20,0,0.8,166,,,,,,,,,,,0,0,,,,,,,,,,,,,,,,,,,,
192730,Collocation-Philly-New-002-02-New,,Outdoor,airgradient:588c813596c0,TRUE,5/15/2026 8:00,2026-05-15T12:00:00.000Z,20,0,0.8,170,,,,,,,,,,,0,0,,,,,,,,,,,,,,,,,,,,
192730,Collocation-Philly-New-002-02-New,,Outdoor,airgradient:588c813596c0,FALSE,5/15/2026 7:00,2026-05-15T11:00:00.000Z,19,0,0.9,175,,,,,,,,,,,0,0,,,,,,,,,,,,,,,,,,,,
192730,Collocation-Philly-New-002-02-New,,Outdoor,airgradient:588c813596c0,FALSE,5/15/2026 6:00,2026-05-15T10:00:00.000Z,20,0,1,200,,,,,,,,,,,0,0,,,,,,,,,,,,,,,,,,,,
192730,Collocation-Philly-New-002-02-New,,Outdoor,airgradient:588c813596c0,FALSE,5/15/2026 5:00,2026-05-15T09:00:00.000Z,20,0.1,1.1,219,,,,,,,,,,,0,0.1,,,,,,,,,,,,,,,,,,,,
192730,Collocation-Philly-New-002-02-New,,Outdoor,airgradient:588c813596c0,FALSE,5/15/2026 4:00,2026-05-15T08:00:00.000Z,20,0.1,1.2,249,,,,,,,,,,,0,0.3,,,,,,,,,,,,,,,,,,,,
192730,Collocation-Philly-New-002-02-New,,Outdoor,airgradient:588c813596c0,FALSE,5/15/2026 3:00,2026-05-15T07:00:00.000Z,20,0.7,1.4,284,,,,,,,,,,,0.2,1,,,,,,,,,,,,,,,,,,,,
192730,Collocation-Philly-New-002-02-New,,Outdoor,airgradient:588c813596c0,FALSE,5/15/2026 2:00,2026-05-15T06:00:00.000Z,20,1.4,1.6,319,,,,,,,,,,,0.2,1.9,,,,,,,,,,,,,,,,,,,,
192730,Collocation-Philly-New-002-02-New,,Outdoor,airgradient:588c813596c0,FALSE,5/15/2026 1:00,2026-05-15T05:00:00.000Z,20,0.7,1.4,286,,,,,,,,,,,0.1,1.3,,,,,,,,,,,,,,,,,,,,
192730,Collocation-Philly-New-002-02-New,,Outdoor,airgradient:588c813596c0,FALSE,5/15/2026 0:00,2026-05-15T04:00:00.000Z,20,0.1,1.2,230,,,,,,,,,,,0,0.2,,,,,,,,,,,,,,,,,,,,
192730,Collocation-Philly-New-002-02-New,,Outdoor,airgradient:588c813596c0,FALSE,5/14/2026 23:00,2026-05-15T03:00:00.000Z,20,0,1.1,213,,,,,,,,,,,0,0.1,,,,,,,,,,,,,,,,,,,,
192730,Collocation-Philly-New-002-02-New,,Outdoor,airgradient:588c813596c0,FALSE,5/14/2026 22:00,2026-05-15T02:00:00.000Z,20,0,0.9,189,,,,,,,,,,,0,0,,,,,,,,,,,,,,,,,,,,
192730,Collocation-Philly-New-002-02-New,,Outdoor,airgradient:588c813596c0,FALSE,5/14/2026 21:00,2026-05-15T01:00:00.000Z,20,0,0.9,175,,,,,,,,,,,0,0,,,,,,,,,,,,,,,,,,,,
192730,Collocation-Philly-New-002-02-New,,Outdoor,airgradient:588c813596c0,FALSE,5/14/2026 20:00,2026-05-15T00:00:00.000Z,20,0,0.8,169,,,,,,,,,,,0,0,,,,,,,,,,,,,,,,,,,,
192730,Collocation-Philly-New-002-02-New,,Outdoor,airgradient:588c813596c0,TRUE,5/14/2026 19:00,2026-05-14T23:00:00.000Z,19,0,0.9,176,,,,,,,,,,,0,0,,,,,,,,,,,,,,,,,,,,
192730,Collocation-Philly-New-002-02-New,,Outdoor,airgradient:588c813596c0,TRUE,5/14/2026 18:00,2026-05-14T22:00:00.000Z,20,0,0.9,184,,,,,,,,,,,0,0,,,,,,,,,,,,,,,,,,,,
192730,Collocation-Philly-New-002-02-New,,Outdoor,airgradient:588c813596c0,TRUE,5/14/2026 17:00,2026-05-14T21:00:00.000Z,20,0,1,205,,,,,,,,,,,0,0,,,,,,,,,,,,,,,,,,,,
192730,Collocation-Philly-New-002-02-New,,Outdoor,airgradient:588c813596c0,TRUE,5/14/2026 16:00,2026-05-14T20:00:00.000Z,20,0.1,1.1,225,,,,,,,,,,,0,0.1,,,,,,,,,,,,,,,,,,,,
192730,Collocation-Philly-New-002-02-New,,Outdoor,airgradient:588c813596c0,TRUE,5/14/2026 15:00,2026-05-14T19:00:00.000Z,20,0,1,209,,,,,,,,,,,0,0,,,,,,,,,,,,,,,,,,,,
192730,Collocation-Philly-New-002-02-New,,Outdoor,airgradient:588c813596c0,TRUE,5/14/2026 14:00,2026-05-14T18:00:00.000Z,20,0,1,209,,,,,,,,,,,0,0.1,,,,,,,,,,,,,,,,,,,,
192730,Collocation-Philly-New-002-02-New,,Outdoor,airgradient:588c813596c0,TRUE,5/14/2026 13:00,2026-05-14T17:00:00.000Z,20,0.1,1.1,227,,,,,,,,,,,0,0.1,,,,,,,,,,,,,,,,,,,,
192730,Collocation-Philly-New-002-02-New,,Outdoor,airgradient:588c813596c0,TRUE,5/14/2026 12:00,2026-05-14T16:00:00.000Z,20,0,1.1,212,,,,,,,,,,,0,0,,,,,,,,,,,,,,,,,,,,
192730,Collocation-Philly-New-002-02-New,,Outdoor,airgradient:588c813596c0,TRUE,5/14/2026 11:00,2026-05-14T15:00:00.000Z,20,0,1.1,225,,,,,,,,,,,0,0.1,,,,,,,,,,,,,,,,,,,,
192730,Collocation-Philly-New-002-02-New,,Outdoor,airgradient:588c813596c0,TRUE,5/14/2026 10:00,2026-05-14T14:00:00.000Z,20,0.6,1.4,275,,,,,,,,,,,0.1,0.8,,,,,,,,,,,,,,,,,,,,
192730,Collocation-Philly-New-002-02-New,,Outdoor,airgradient:588c813596c0,TRUE,5/14/2026 9:00,2026-05-14T13:00:00.000Z,20,2.5,1.9,375,,,,,,,,,,,0.9,2.7,,,,,,,,,,,,,,,,,,,,
192730,Collocation-Philly-New-002-02-New,,Outdoor,airgradient:588c813596c0,TRUE,5/14/2026 8:00,2026-05-14T12:00:00.000Z,19,10.9,1.8,359,,,,,,,,,,,9.7,11.2,,,,,,,,,,,,,,,,,,,,
192730,Collocation-Philly-New-002-02-New,,Outdoor,airgradient:588c813596c0,FALSE,5/14/2026 7:00,2026-05-14T11:00:00.000Z,20,5.6,2.4,480,,,,,,,,,,,2.5,6.4,,,,,,,,,,,,,,,,,,,,
192730,Collocation-Philly-New-002-02-New,,Outdoor,airgradient:588c813596c0,FALSE,5/14/2026 6:00,2026-05-14T10:00:00.000Z,20,6.9,2.6,525,,,,,,,,,,,3.3,7.5,,,,,,,,,,,,,,,,,,,,
192730,Collocation-Philly-New-002-02-New,,Outdoor,airgradient:588c813596c0,FALSE,5/14/2026 5:00,2026-05-14T09:00:00.000Z,20,7.7,2.8,562,,,,,,,,,,,4,8.3,,,,,,,,,,,,,,,,,,,,
192730,Collocation-Philly-New-002-02-New,,Outdoor,airgradient:588c813596c0,FALSE,5/14/2026 4:00,2026-05-14T08:00:00.000Z,20,7.9,2.9,584,,,,,,,,,,,4.3,8.8,,,,,,,,,,,,,,,,,,,,
192730,Collocation-Philly-New-002-02-New,,Outdoor,airgradient:588c813596c0,FALSE,5/14/2026 3:00,2026-05-14T07:00:00.000Z,20,8.6,3,609,,,,,,,,,,,4.6,9.3,,,,,,,,,,,,,,,,,,,,
192730,Collocation-Philly-New-002-02-New,,Outdoor,airgradient:588c813596c0,FALSE,5/14/2026 2:00,2026-05-14T06:00:00.000Z,20,9.9,3.2,638,,,,,,,,,,,5.3,10.8,,,,,,,,,,,,,,,,,,,,
192730,Collocation-Philly-New-002-02-New,,Outdoor,airgradient:588c813596c0,FALSE,5/14/2026 1:00,2026-05-14T05:00:00.000Z,20,4.9,2.4,479,,,,,,,,,,,2.3,5.4,,,,,,,,,,,,,,,,,,,,
192730,Collocation-Philly-New-002-02-New,,Outdoor,airgradient:588c813596c0,FALSE,5/14/2026 0:00,2026-05-14T04:00:00.000Z,20,4.6,2.4,472,,,,,,,,,,,2.2,5,,,,,,,,,,,,,,,,,,,,
192730,Collocation-Philly-New-002-02-New,,Outdoor,airgradient:588c813596c0,FALSE,5/13/2026 23:00,2026-05-14T03:00:00.000Z,20,3.4,2.2,441,,,,,,,,,,,1.8,3.7,,,,,,,,,,,,,,,,,,,,
192730,Collocation-Philly-New-002-02-New,,Outdoor,airgradient:588c813596c0,FALSE,5/13/2026 22:00,2026-05-14T02:00:00.000Z,20,4.4,2.3,458,,,,,,,,,,,2.2,4.8,,,,,,,,,,,,,,,,,,,,
192730,Collocation-Philly-New-002-02-New,,Outdoor,airgradient:588c813596c0,FALSE,5/13/2026 21:00,2026-05-14T01:00:00.000Z,19,3.3,2.1,421,,,,,,,,,,,1.5,3.8,,,,,,,,,,,,,,,,,,,,
192730,Collocation-Philly-New-002-02-New,,Outdoor,airgradient:588c813596c0,FALSE,5/13/2026 20:00,2026-05-14T00:00:00.000Z,20,1.1,1.6,322,,,,,,,,,,,0.3,1.3,,,,,,,,,,,,,,,,,,,,
192730,Collocation-Philly-New-002-02-New,,Outdoor,airgradient:588c813596c0,TRUE,5/13/2026 19:00,2026-05-13T23:00:00.000Z,20,8.9,2.5,509,,,,,,,,,,,7.2,9.2,,,,,,,,,,,,,,,,,,,,
192730,Collocation-Philly-New-002-02-New,,Outdoor,airgradient:588c813596c0,TRUE,5/13/2026 18:00,2026-05-13T22:00:00.000Z,20,9.1,3.7,732,,,,,,,,,,,6,9.5,,,,,,,,,,,,,,,,,,,,
192730,Collocation-Philly-New-002-02-New,,Outdoor,airgradient:588c813596c0,TRUE,5/13/2026 17:00,2026-05-13T21:00:00.000Z,20,5,2.8,556,,,,,,,,,,,3.4,5.3,,,,,,,,,,,,,,,,,,,,
192730,Collocation-Philly-New-002-02-New,,Outdoor,airgradient:588c813596c0,TRUE,5/13/2026 16:00,2026-05-13T20:00:00.000Z,20,2.7,2.2,438,,,,,,,,,,,1.5,2.9,,,,,,,,,,,,,,,,,,,,
192730,Collocation-Philly-New-002-02-New,,Outdoor,airgradient:588c813596c0,TRUE,5/13/2026 15:00,2026-05-13T19:00:00.000Z,20,4.8,2.5,509,,,,,,,,,,,2.9,5.4,,,,,,,,,,,,,,,,,,,,
192730,Collocation-Philly-New-002-02-New,,Outdoor,airgradient:588c813596c0,TRUE,5/13/2026 14:00,2026-05-13T18:00:00.000Z,20,15,4.2,848,,,,,,,,,,,8.8,16.1,,,,,,,,,,,,,,,,,,,,
192730,Collocation-Philly-New-002-02-New,,Outdoor,airgradient:588c813596c0,TRUE,5/13/2026 13:00,2026-05-13T17:00:00.000Z,20,11.3,3.9,774,,,,,,,,,,,7.2,12.5,,,,,,,,,,,,,,,,,,,,
192730,Collocation-Philly-New-002-02-New,,Outdoor,airgradient:588c813596c0,TRUE,5/13/2026 12:00,2026-05-13T16:00:00.000Z,20,6.5,3.1,619,,,,,,,,,,,4.5,7,,,,,,,,,,,,,,,,,,,,
192730,Collocation-Philly-New-002-02-New,,Outdoor,airgradient:588c813596c0,TRUE,5/13/2026 11:00,2026-05-13T15:00:00.000Z,20,5.8,2.9,587,,,,,,,,,,,4,6,,,,,,,,,,,,,,,,,,,,
192730,Collocation-Philly-New-002-02-New,,Outdoor,airgradient:588c813596c0,TRUE,5/13/2026 10:00,2026-05-13T14:00:00.000Z,19,5.5,2.8,563,,,,,,,,,,,3.6,5.7,,,,,,,,,,,,,,,,,,,,
192730,Collocation-Philly-New-002-02-New,,Outdoor,airgradient:588c813596c0,TRUE,5/13/2026 9:00,2026-05-13T13:00:00.000Z,20,4.6,2.7,531,,,,,,,,,,,3.1,4.8,,,,,,,,,,,,,,,,,,,,
192730,Collocation-Philly-New-002-02-New,,Outdoor,airgradient:588c813596c0,TRUE,5/13/2026 8:00,2026-05-13T12:00:00.000Z,20,4.6,2.6,516,,,,,,,,,,,3,4.7,,,,,,,,,,,,,,,,,,,,
192730,Collocation-Philly-New-002-02-New,,Outdoor,airgradient:588c813596c0,TRUE,5/13/2026 7:00,2026-05-13T11:00:00.000Z,20,4.6,2.6,516,,,,,,,,,,,2.9,4.8,,,,,,,,,,,,,,,,,,,,
192730,Collocation-Philly-New-002-02-New,,Outdoor,airgradient:588c813596c0,FALSE,5/13/2026 6:00,2026-05-13T10:00:00.000Z,20,8.8,3.4,671,,,,,,,,,,,5.5,9.5,,,,,,,,,,,,,,,,,,,,
192730,Collocation-Philly-New-002-02-New,,Outdoor,airgradient:588c813596c0,FALSE,5/13/2026 5:00,2026-05-13T09:00:00.000Z,20,9.6,3.5,702,,,,,,,,,,,6,10.4,,,,,,,,,,,,,,,,,,,,
192730,Collocation-Philly-New-002-02-New,,Outdoor,airgradient:588c813596c0,FALSE,5/13/2026 4:00,2026-05-13T08:00:00.000Z,20,8.8,3.4,675,,,,,,,,,,,5.5,9.5,,,,,,,,,,,,,,,,,,,,
192730,Collocation-Philly-New-002-02-New,,Outdoor,airgradient:588c813596c0,FALSE,5/13/2026 3:00,2026-05-13T07:00:00.000Z,20,7.3,3.1,618,,,,,,,,,,,4.6,7.8,,,,,,,,,,,,,,,,,,,,
192730,Collocation-Philly-New-002-02-New,,Outdoor,airgradient:588c813596c0,FALSE,5/13/2026 2:00,2026-05-13T06:00:00.000Z,20,6.1,2.9,570,,,,,,,,,,,3.9,6.5,,,,,,,,,,,,,,,,,,,,
192730,Collocation-Philly-New-002-02-New,,Outdoor,airgradient:588c813596c0,FALSE,5/13/2026 1:00,2026-05-13T05:00:00.000Z,20,4.5,2.5,507,,,,,,,,,,,2.8,4.7,,,,,,,,,,,,,,,,,,,,
192730,Collocation-Philly-New-002-02-New,,Outdoor,airgradient:588c813596c0,FALSE,5/13/2026 0:00,2026-05-13T04:00:00.000Z,20,3.8,2.4,479,,,,,,,,,,,2.4,4,,,,,,,,,,,,,,,,,,,,
192730,Collocation-Philly-New-002-02-New,,Outdoor,airgradient:588c813596c0,FALSE,5/12/2026 23:00,2026-05-13T03:00:00.000Z,19,3.9,2.4,482,,,,,,,,,,,2.3,4,,,,,,,,,,,,,,,,,,,,
192730,Collocation-Philly-New-002-02-New,,Outdoor,airgradient:588c813596c0,FALSE,5/12/2026 22:00,2026-05-13T02:00:00.000Z,20,2.5,2.1,412,,,,,,,,,,,1.3,2.6,,,,,,,,,,,,,,,,,,,,
192730,Collocation-Philly-New-002-02-New,,Outdoor,airgradient:588c813596c0,FALSE,5/12/2026 21:00,2026-05-13T01:00:00.000Z,20,2.5,2.1,415,,,,,,,,,,,1.4,2.6,,,,,,,,,,,,,,,,,,,,
192730,Collocation-Philly-New-002-02-New,,Outdoor,airgradient:588c813596c0,FALSE,5/12/2026 20:00,2026-05-13T00:00:00.000Z,20,1.9,1.9,388,,,,,,,,,,,1,2.1,,,,,,,,,,,,,,,,,,,,
192730,Collocation-Philly-New-002-02-New,,Outdoor,airgradient:588c813596c0,TRUE,5/12/2026 19:00,2026-05-12T23:00:00.000Z,20,2.1,2,397,,,,,,,,,,,1.1,2.4,,,,,,,,,,,,,,,,,,,,
192730,Collocation-Philly-New-002-02-New,,Outdoor,airgradient:588c813596c0,TRUE,5/12/2026 18:00,2026-05-12T22:00:00.000Z,20,3,2.2,434,,,,,,,,,,,1.5,3.3,,,,,,,,,,,,,,,,,,,,
192730,Collocation-Philly-New-002-02-New,,Outdoor,airgradient:588c813596c0,TRUE,5/12/2026 17:00,2026-05-12T21:00:00.000Z,20,6.8,2.9,588,,,,,,,,,,,3.8,7.5,,,,,,,,,,,,,,,,,,,,
192730,Collocation-Philly-New-002-02-New,,Outdoor,airgradient:588c813596c0,TRUE,5/12/2026 16:00,2026-05-12T20:00:00.000Z,20,7.1,3,606,,,,,,,,,,,4.2,7.7,,,,,,,,,,,,,,,,,,,,
192730,Collocation-Philly-New-002-02-New,,Outdoor,airgradient:588c813596c0,TRUE,5/12/2026 15:00,2026-05-12T19:00:00.000Z,20,3.7,2.3,466,,,,,,,,,,,2,4,,,,,,,,,,,,,,,,,,,,
192730,Collocation-Philly-New-002-02-New,,Outdoor,airgradient:588c813596c0,TRUE,5/12/2026 14:00,2026-05-12T18:00:00.000Z,20,2.3,1.9,389,,,,,,,,,,,1.2,2.4,,,,,,,,,,,,,,,,,,,,
192730,Collocation-Philly-New-002-02-New,,Outdoor,airgradient:588c813596c0,TRUE,5/12/2026 13:00,2026-05-12T17:00:00.000Z,20,0.6,1.5,306,,,,,,,,,,,0.3,0.8,,,,,,,,,,,,,,,,,,,,
192730,Collocation-Philly-New-002-02-New,,Outdoor,airgradient:588c813596c0,TRUE,5/12/2026 12:00,2026-05-12T16:00:00.000Z,19,0.2,1.3,255,,,,,,,,,,,0,0.2,,,,,,,,,,,,,,,,,,,,
192730,Collocation-Philly-New-002-02-New,,Outdoor,airgradient:588c813596c0,TRUE,5/12/2026 11:00,2026-05-12T15:00:00.000Z,20,0.1,1.1,225,,,,,,,,,,,0,0.2,,,,,,,,,,,,,,,,,,,,
192730,Collocation-Philly-New-002-02-New,,Outdoor,airgradient:588c813596c0,TRUE,5/12/2026 10:00,2026-05-12T14:00:00.000Z,20,0,0.9,189,,,,,,,,,,,0,0,,,,,,,,,,,,,,,,,,,,
192730,Collocation-Philly-New-002-02-New,,Outdoor,airgradient:588c813596c0,TRUE,5/12/2026 9:00,2026-05-12T13:00:00.000Z,20,0,1,208,,,,,,,,,,,0,0.1,,,,,,,,,,,,,,,,,,,,
192730,Collocation-Philly-New-002-02-New,,Outdoor,airgradient:588c813596c0,TRUE,5/12/2026 8:00,2026-05-12T12:00:00.000Z,20,0.4,1.3,264,,,,,,,,,,,0.1,0.5,,,,,,,,,,,,,,,,,,,,
192730,Collocation-Philly-New-002-02-New,,Outdoor,airgradient:588c813596c0,TRUE,5/12/2026 7:00,2026-05-12T11:00:00.000Z,20,0.5,1.4,279,,,,,,,,,,,0.2,0.7,,,,,,,,,,,,,,,,,,,,
192730,Collocation-Philly-New-002-02-New,,Outdoor,airgradient:588c813596c0,FALSE,5/12/2026 6:00,2026-05-12T10:00:00.000Z,20,0.4,1.4,280,,,,,,,,,,,0.2,0.6,,,,,,,,,,,,,,,,,,,,
192730,Collocation-Philly-New-002-02-New,,Outdoor,airgradient:588c813596c0,FALSE,5/12/2026 5:00,2026-05-12T09:00:00.000Z,20,0.3,1.3,267,,,,,,,,,,,0,0.4,,,,,,,,,,,,,,,,,,,,
192730,Collocation-Philly-New-002-02-New,,Outdoor,airgradient:588c813596c0,FALSE,5/12/2026 4:00,2026-05-12T08:00:00.000Z,20,0.4,1.4,277,,,,,,,,,,,0.1,0.4,,,,,,,,,,,,,,,,,,,,
192730,Collocation-Philly-New-002-02-New,,Outdoor,airgradient:588c813596c0,FALSE,5/12/2026 3:00,2026-05-12T07:00:00.000Z,20,0.5,1.4,273,,,,,,,,,,,0.1,0.5,,,,,,,,,,,,,,,,,,,,
192730,Collocation-Philly-New-002-02-New,,Outdoor,airgradient:588c813596c0,FALSE,5/12/2026 2:00,2026-05-12T06:00:00.000Z,20,0,1.2,231,,,,,,,,,,,0,0.1,,,,,,,,,,,,,,,,,,,,
192730,Collocation-Philly-New-002-02-New,,Outdoor,airgradient:588c813596c0,FALSE,5/12/2026 1:00,2026-05-12T05:00:00.000Z,20,0.1,1.2,240,,,,,,,,,,,0,0.2,,,,,,,,,,,,,,,,,,,,
192730,Collocation-Philly-New-002-02-New,,Outdoor,airgradient:588c813596c0,FALSE,5/12/2026 0:00,2026-05-12T04:00:00.000Z,19,0.1,1.2,234,,,,,,,,,,,0,0.1,,,,,,,,,,,,,,,,,,,,
192730,Collocation-Philly-New-002-02-New,,Outdoor,airgradient:588c813596c0,FALSE,5/11/2026 23:00,2026-05-12T03:00:00.000Z,20,0.1,1.1,228,,,,,,,,,,,0,0.1,,,,,,,,,,,,,,,,,,,,
192730,Collocation-Philly-New-002-02-New,,Outdoor,airgradient:588c813596c0,FALSE,5/11/2026 22:00,2026-05-12T02:00:00.000Z,20,0,1.1,211,,,,,,,,,,,0,0.1,,,,,,,,,,,,,,,,,,,,
192730,Collocation-Philly-New-002-02-New,,Outdoor,airgradient:588c813596c0,FALSE,5/11/2026 21:00,2026-05-12T01:00:00.000Z,20,0.5,1.4,275,,,,,,,,,,,0.3,0.6,,,,,,,,,,,,,,,,,,,,
192730,Collocation-Philly-New-002-02-New,,Outdoor,airgradient:588c813596c0,FALSE,5/11/2026 20:00,2026-05-12T00:00:00.000Z,20,0.2,1.3,251,,,,,,,,,,,0.1,0.2,,,,,,,,,,,,,,,,,,,,
192730,Collocation-Philly-New-002-02-New,,Outdoor,airgradient:588c813596c0,TRUE,5/11/2026 19:00,2026-05-11T23:00:00.000Z,20,0,1.2,231,,,,,,,,,,,0,0.1,,,,,,,,,,,,,,,,,,,,
192730,Collocation-Philly-New-002-02-New,,Outdoor,airgradient:588c813596c0,TRUE,5/11/2026 18:00,2026-05-11T22:00:00.000Z,20,0.1,1.1,223,,,,,,,,,,,0,0.1,,,,,,,,,,,,,,,,,,,,
192730,Collocation-Philly-New-002-02-New,,Outdoor,airgradient:588c813596c0,TRUE,5/11/2026 17:00,2026-05-11T21:00:00.000Z,19,0,1.1,224,,,,,,,,,,,0,0.1,,,,,,,,,,,,,,,,,,,,
192730,Collocation-Philly-New-002-02-New,,Outdoor,airgradient:588c813596c0,TRUE,5/11/2026 16:00,2026-05-11T20:00:00.000Z,20,0,1.1,221,,,,,,,,,,,0,0,,,,,,,,,,,,,,,,,,,,
192730,Collocation-Philly-New-002-02-New,,Outdoor,airgradient:588c813596c0,TRUE,5/11/2026 15:00,2026-05-11T19:00:00.000Z,20,0,1.1,217,,,,,,,,,,,0,0.1,,,,,,,,,,,,,,,,,,,,
192730,Collocation-Philly-New-002-02-New,,Outdoor,airgradient:588c813596c0,TRUE,5/11/2026 14:00,2026-05-11T18:00:00.000Z,20,0,1,192,,,,,,,,,,,0,0,,,,,,,,,,,,,,,,,,,,
192730,Collocation-Philly-New-002-02-New,,Outdoor,airgradient:588c813596c0,TRUE,5/11/2026 13:00,2026-05-11T17:00:00.000Z,20,0,1,202,,,,,,,,,,,0,0,,,,,,,,,,,,,,,,,,,,
192730,Collocation-Philly-New-002-02-New,,Outdoor,airgradient:588c813596c0,TRUE,5/11/2026 12:00,2026-05-11T16:00:00.000Z,20,0,1.1,222,,,,,,,,,,,0,0.1,,,,,,,,,,,,,,,,,,,,
192730,Collocation-Philly-New-002-02-New,,Outdoor,airgradient:588c813596c0,TRUE,5/11/2026 11:00,2026-05-11T15:00:00.000Z,6,0.2,1.2,230,,,,,,,,,,,0,0.2,,,,,,,,,,,,,,,,,,,,
